order,heading,roll,pitch,ax,ay,az
0,247.0625,-0.0625,-13.6875,-0.05,-0.11,0.0
1,246.9375,-0.1875,-13.8125,0.92,-3.61,0.74
2,246.375,-0.25,-13.6875,-1.57,-2.38,0.77
3,245.0,-0.25,-13.75,-1.54,1.83,0.56
4,242.4375,-0.125,-13.9375,3.87,-0.48,-2.01
5,241.625,-0.125,-14.0625,1.36,0.32,2.1
6,239.5,-0.1875,-14.1875,0.61,-3.48,-0.62
7,238.0,-0.375,-14.1875,-0.15,-2.29,0.83
8,237.1875,-0.5,-14.1875,0.13,-3.77,1.41
9,235.6875,-0.625,-14.125,-0.9,-0.19,0.55
10,234.1875,-0.5625,-14.1875,0.0,2.14,0.7
11,232.9375,-0.5625,-14.25,-1.56,-2.88,0.34
12,232.375,-0.5625,-14.375,2.4,0.49,0.03
13,231.4375,-0.5625,-14.375,1.85,-3.04,-1.17
14,231.0,-0.6875,-14.5,0.82,0.54,0.5
15,230.25,-0.625,-14.4375,0.31,-3.68,-0.98
16,229.625,-0.9375,-14.375,-1.62,-0.79,-0.03
17,228.9375,-0.9375,-14.3125,1.21,0.78,-2.29
18,228.375,-0.875,-14.4375,1.5,-3.79,-0.42
19,228.125,-0.875,-14.625,-1.42,1.81,-1.95
20,228.0,-0.8125,-14.6875,-2.04,0.58,3.77
21,227.875,-0.75,-14.6875,-1.22,-1.22,0.75
22,227.4375,-0.875,-14.625,0.21,-4.16,-0.48
23,227.3125,-0.9375,-14.5,0.71,-2.68,0.8
24,227.0625,-1.0625,-14.5,-1.99,0.17,2.3
25,226.75,-0.9375,-14.5625,-0.29,-0.72,0.89
26,226.625,-0.875,-14.6875,0.12,0.98,-0.61
27,226.4375,-0.8125,-14.75,1.54,-1.08,0.77
28,226.375,-0.9375,-14.4375,0.45,-1.24,-0.41
29,226.1875,-1.1875,-14.3125,-2.72,-1.69,2.02
30,226.0,-1.0,-14.375,0.75,-3.44,1.89
31,225.6875,-0.625,-14.6875,3.16,1.76,-2.55
32,224.5625,-0.4375,-14.625,1.69,1.86,0.0
33,223.8125,-0.375,-14.5,4.35,-1.22,-3.67
34,221.8125,-0.75,-14.5625,1.34,-1.23,0.09
35,219.5,-0.875,-14.75,3.97,-1.98,-4.73
36,218.1875,-0.9375,-15.0,3.13,2.24,-0.3
37,216.9375,-0.875,-15.1875,1.9,2.15,-0.58
38,215.6875,-0.875,-15.4375,1.69,-0.89,2.23
39,214.3125,-1.0,-15.5,1.55,-0.42,-0.75
40,211.5625,-0.8125,-15.375,1.68,0.51,-0.27
41,210.125,-0.6875,-15.3125,2.76,-0.35,-1.72
42,208.5625,-0.625,-15.3125,0.99,0.15,3.61
43,207.0,-0.625,-15.4375,3.11,-1.36,-2.17
44,205.375,-0.5,-15.5625,1.83,0.11,0.2
45,203.6875,-0.4375,-15.6875,0.72,0.71,0.49
46,200.3125,-0.1875,-15.875,3.44,0.69,-0.49
47,198.5,-0.1875,-15.875,1.46,-0.38,-1.19
48,196.8125,-0.3125,-15.8125,-1.23,0.05,2.53
49,195.125,-0.1875,-15.75,4.65,3.27,0.39
50,193.375,-0.375,-15.5625,1.61,-2.51,-2.01
51,191.5625,-0.4375,-15.625,0.5,2.51,2.65
52,189.75,-0.375,-15.625,0.62,-2.17,-1.4
53,187.9375,-0.25,-15.6875,2.59,1.53,1.23
54,186.125,-0.125,-15.6875,2.42,1.06,-0.7
55,184.375,-0.0625,-15.75,1.12,0.15,-0.32
56,182.5625,-0.0625,-15.6875,1.29,2.78,0.22
57,180.8125,0.0,-15.5625,3.62,3.1,-2.56
58,179.0625,-0.0625,-15.5,0.54,-3.39,-1.27
59,177.25,-0.3125,-15.5,0.23,1.47,-0.84
60,173.75,-0.6875,-16.0,1.45,0.15,-0.3
61,172.0,-0.8125,-16.3125,0.7,-0.51,0.38
62,170.3125,-0.8125,-16.5,0.21,1.26,0.44
63,168.625,-0.6875,-16.5625,1.79,-0.13,0.24
64,166.9375,-0.625,-16.625,1.59,-0.59,0.18
65,165.1875,-0.625,-16.625,1.58,0.35,1.19
66,163.375,-0.6875,-16.5625,0.25,-0.84,1.2
67,161.5625,-0.625,-16.5,3.64,1.14,-1.32
68,159.75,-0.3125,-16.5,3.27,0.2,-0.32
69,155.875,-0.1875,-16.6875,0.38,-1.86,-1.5
70,154.125,-0.3125,-16.875,0.52,2.42,-1.13
71,152.375,-0.375,-17.125,0.97,-3.51,-3.73
72,150.6875,-0.5,-17.3125,-2.4,0.98,3.44
73,149.3125,-0.5,-17.3125,-2.35,1.13,5.07
74,147.9375,-0.5,-17.1875,1.93,-1.99,1.39
75,146.6875,-0.625,-17.1875,-0.89,-0.75,1.45
76,145.5,-0.6875,-17.1875,-2.6,-2.48,0.71
77,144.5,-0.5,-17.1875,-0.28,-0.68,2.43
78,143.5,-0.3125,-17.25,0.18,-0.25,-0.03
79,142.6875,-0.1875,-17.3125,0.6,2.19,0.1
80,141.9375,-0.1875,-17.3125,-0.2,-4.69,-0.03
81,141.25,-0.1875,-17.3125,-0.65,-2.96,0.51
82,140.625,-0.125,-17.25,1.65,1.72,1.68
83,139.625,-0.1875,-17.125,0.38,-1.56,-0.85
84,139.125,-0.375,-17.125,-0.81,-0.77,-0.46
85,138.75,-0.3125,-17.125,-1.23,-0.82,1.28
86,138.375,-0.125,-17.25,1.54,-1.97,-1.78
87,138.0,-0.0625,-17.375,0.43,-0.37,0.84
88,137.8125,-0.0625,-17.4375,-0.2,-1.61,-0.67
89,137.5625,0.0,-17.4375,0.24,0.0,1.4
90,137.375,0.0,-17.375,0.81,-1.38,1.02
91,137.25,0.0,-17.3125,-2.7,-1.71,1.1
92,136.8125,-0.125,-17.3125,-1.73,-1.43,2.07
93,136.6875,-0.1875,-17.3125,0.0,-1.86,-0.24
94,136.5,-0.0625,-17.5,0.74,-2.01,-0.96
95,136.4375,0.0,-17.625,0.59,-0.46,0.45
96,136.3125,0.0,-17.625,-0.58,0.05,2.05
97,136.25,0.0625,-17.5625,0.37,-1.16,-0.08
98,136.1875,0.0625,-17.5,-1.27,-1.54,1.84
99,136.125,0.0625,-17.4375,-0.42,-1.81,-1.01
100,136.0625,-0.0625,-17.3125,-1.62,-0.92,2.85
101,135.75,0.0625,-17.375,0.63,-1.71,-1.38
102,135.5625,0.3125,-17.5625,-0.77,-2.54,1.31
103,135.625,0.3125,-17.5625,0.94,1.21,2.55
104,135.9375,0.25,-17.25,0.03,3.24,-1.88
105,135.625,0.375,-17.1875,-1.22,-4.53,0.89
106,135.5,0.75,-17.375,0.45,4.23,0.67
107,135.6875,0.75,-17.125,0.8,-1.29,0.59
108,135.8125,0.625,-17.0625,-0.41,-2.87,-0.39
109,135.5,0.75,-17.1875,-0.3,-2.73,1.01
110,135.375,0.9375,-17.375,-0.76,-1.47,-0.24
111,135.5625,0.875,-17.25,0.82,-1.84,-1.17
112,135.875,0.875,-17.0625,-1.05,-1.97,0.09
113,135.6875,1.125,-17.25,0.96,-2.49,-3.72
114,135.6875,1.25,-16.9375,3.85,-1.75,-0.82
115,135.625,1.1875,-16.9375,-4.08,-2.4,0.95
116,135.5625,0.8125,-17.0625,-1.33,-0.3,-0.43
117,135.4375,0.6875,-17.3125,-0.6,-3.65,1.06
118,135.3125,0.875,-17.4375,0.53,-0.93,-1.19
119,135.6875,0.75,-17.3125,1.74,-0.37,0.13
120,135.8125,0.625,-17.1875,-0.73,0.09,0.05
121,135.8125,0.5625,-17.1875,-1.64,-2.05,2.17
122,135.6875,0.5,-17.3125,0.01,1.34,0.96
123,135.75,0.5625,-17.3125,0.0,-3.45,-0.72
124,135.75,0.6875,-17.125,4.72,-0.03,-1.91
125,135.8125,0.75,-17.0,-1.2,-0.24,3.06
126,135.75,0.625,-17.1875,-1.48,0.68,-0.43
127,135.625,0.4375,-17.3125,-0.64,-4.17,-0.7
128,135.6875,0.5625,-17.3125,2.63,2.45,-0.24
129,135.8125,0.6875,-17.1875,2.08,-3.65,-2.09
130,135.75,0.5625,-17.125,-3.32,0.05,5.67
131,135.625,0.3125,-17.1875,-1.86,-1.64,-0.11
132,135.625,0.3125,-17.25,-0.59,0.04,-1.21
133,135.6875,0.375,-17.125,15.31,2.47,-6.03
134,135.625,0.6875,-16.9375,5.03,5.5,-1.76
135,134.9375,1.1875,-16.8125,4.79,3.64,2.55
136,133.5625,1.125,-17.0625,4.17,2.89,-2.52
137,130.0625,1.25,-17.0,4.48,3.81,-1.58
138,128.0625,1.375,-16.9375,5.52,2.74,-2.98
139,125.875,1.5,-16.875,2.92,1.37,-2.17
140,123.5625,1.375,-17.0,0.64,4.81,4.27
141,121.1875,1.125,-17.125,0.89,-0.97,0.23
142,118.9375,1.125,-17.1875,4.46,1.29,-1.23
143,116.6875,1.375,-17.25,2.06,-2.33,0.33
144,114.375,1.5,-17.25,3.44,1.35,-2.58
145,112.0625,1.5625,-17.0,1.57,1.52,-1.16
146,107.375,1.5625,-17.0,-1.02,2.15,2.27
147,105.125,1.6875,-17.0,-0.87,0.95,-0.87
148,102.9375,2.0,-16.9375,4.34,1.55,-0.73
149,100.75,2.375,-16.875,2.91,2.33,-1.04
150,98.625,2.625,-16.8125,2.18,-0.49,-0.31
151,94.3125,2.375,-16.75,2.16,2.21,-2.01
152,92.25,2.125,-16.8125,0.26,1.28,0.9
153,90.1875,1.8125,-17.0,1.36,0.36,-0.45
154,88.25,1.6875,-17.0625,2.36,1.72,-3.47
155,86.3125,1.625,-17.0625,1.01,0.73,-0.44
156,84.4375,1.375,-17.125,-4.06,0.97,4.36
157,82.75,1.5,-17.0,3.68,0.95,0.18
158,81.0,1.6875,-16.875,1.3,-0.7,-0.65
159,79.1875,1.625,-16.8125,-0.44,1.22,-0.48
160,77.3125,1.6875,-16.8125,1.26,-0.79,-0.02
161,75.5,1.9375,-16.8125,0.96,2.57,0.35
162,73.625,2.1875,-16.8125,1.1,0.83,-0.45
163,71.8125,2.4375,-16.875,2.0,-0.38,-1.32
164,68.25,2.625,-16.75,1.05,0.65,-0.14
165,66.4375,2.5625,-16.5625,-0.16,-0.07,-0.34
166,64.75,2.4375,-16.5,-0.09,-1.77,-1.03
167,63.125,2.25,-16.5,0.73,2.13,1.54
168,61.5,2.25,-16.625,-2.05,-3.82,-0.71
169,59.9375,2.0625,-16.625,-1.67,-2.02,1.57
170,58.5,1.9375,-16.75,-0.93,-2.61,1.74
171,57.1875,1.875,-16.875,-1.29,-2.73,1.17
172,55.9375,1.875,-16.875,-1.22,-3.37,-0.08
173,53.8125,2.125,-16.625,-1.84,-1.0,1.16
174,53.0,2.375,-16.5,3.31,-2.51,-3.92
175,52.1875,2.5,-16.375,-0.63,-0.86,-0.85
176,51.3125,2.125,-16.375,-2.45,3.69,3.91
177,50.625,1.9375,-16.5625,0.89,1.66,-0.78
178,49.5,2.125,-16.5,-0.48,-1.51,-1.91
179,49.0625,2.125,-16.5625,-0.06,0.48,1.39
180,48.6875,2.0625,-16.5,-1.33,-0.39,-0.64
181,48.375,2.0625,-16.5,1.85,1.11,0.67
182,48.0625,2.125,-16.4375,-2.27,-2.0,1.2
183,47.8125,2.0,-16.3125,-0.96,-1.13,1.17
184,47.625,2.0625,-16.3125,0.3,-0.5,-0.07
185,47.375,2.1875,-16.375,-1.18,-1.12,0.06
186,47.1875,2.1875,-16.4375,-0.17,0.3,-0.36
187,47.0,2.3125,-16.5625,-0.44,-0.04,0.53
188,46.875,2.375,-16.625,-1.56,-0.92,0.73
189,46.75,2.375,-16.625,-0.28,-0.46,0.83
190,46.6875,2.4375,-16.625,3.92,-1.07,-1.92
191,46.4375,2.25,-16.4375,-2.56,-1.61,1.6
192,46.25,2.0625,-16.4375,-2.88,-0.62,2.89
193,46.125,2.0625,-16.4375,-0.84,-3.34,-0.68
194,46.0625,2.125,-16.4375,-0.54,-2.14,0.44
195,46.0625,2.1875,-16.5625,1.25,-1.4,-1.02
196,46.0625,2.25,-16.625,-1.59,-1.41,1.91
197,46.0,2.125,-16.625,-1.89,0.05,2.55
198,45.9375,2.375,-16.5,6.93,-1.07,-4.92
199,45.6875,2.625,-16.3125,5.11,-0.17,-4.03
200,45.0625,2.5,-16.4375,2.31,-0.92,-2.68
201,43.375,2.75,-16.5625,0.38,2.49,0.2
202,42.25,2.75,-16.75,3.05,2.75,-1.12
203,39.9375,2.75,-16.75,1.38,3.3,-2.0
204,36.0625,2.375,-16.4375,-1.23,-4.07,1.08
205,33.3125,2.75,-16.3125,-0.82,4.48,-1.18
206,30.5625,3.0625,-16.4375,0.13,3.05,0.32
207,29.25,3.125,-16.4375,3.07,-1.46,-0.37
208,26.9375,3.375,-16.4375,0.54,-1.55,0.44
209,24.1875,3.25,-16.125,0.94,-2.49,-2.45
210,21.375,3.0625,-16.0,-0.09,2.25,4.17
211,19.9375,3.125,-15.9375,0.01,-1.19,-0.15
212,17.25,3.25,-15.9375,3.04,3.08,2.58
213,15.875,3.5,-15.9375,0.75,-0.32,-6.13
214,13.125,3.375,-15.75,-1.41,-3.86,-1.35
215,12.0,3.5,-15.75,0.08,4.11,0.7
216,10.9375,3.4375,-15.625,1.59,0.43,0.26
217,8.8125,3.25,-15.5,0.48,1.37,2.79
218,7.6875,3.125,-15.5,0.02,0.04,-0.07
219,6.5,3.125,-15.375,-1.5,-2.07,-0.59
220,5.3125,3.0625,-15.375,-0.77,1.11,1.45
221,4.0625,2.9375,-15.375,0.64,-0.01,-0.69
222,2.875,2.9375,-15.375,0.62,0.45,-0.69
223,0.5,2.9375,-15.375,0.25,1.17,-1.78
224,359.375,3.0,-15.375,1.41,-0.01,0.07
225,358.1875,2.9375,-15.3125,-0.12,0.09,-0.29
226,357.0,2.9375,-15.25,1.01,-1.38,0.24
227,355.8125,2.875,-15.1875,1.54,-0.56,-0.4
228,354.625,2.9375,-15.125,0.96,-0.07,-0.3
229,353.4375,2.875,-15.0625,-0.53,-0.36,0.92
230,352.1875,2.8125,-15.0625,0.11,0.06,0.18
231,350.9375,2.8125,-15.0,0.98,0.34,-0.55
232,348.375,2.625,-15.0,0.17,0.09,1.33
233,347.0,2.5,-15.0,0.37,0.03,0.62
234,345.6875,2.5625,-15.0,0.96,0.04,-1.23
235,344.375,2.625,-15.0,0.95,-0.26,0.13
236,343.0625,2.625,-14.9375,-0.27,-0.01,-0.37
237,341.6875,2.6875,-14.875,1.73,0.97,-1.21
238,340.375,2.625,-14.8125,0.09,-0.5,-0.06
239,339.125,2.625,-14.6875,1.16,0.84,0.23
240,337.75,2.5625,-14.625,-1.22,-0.31,0.0
241,335.0625,2.375,-14.4375,-0.68,1.2,1.86
242,333.625,2.5,-14.3125,1.22,-1.41,-1.55
243,332.1875,2.6875,-14.25,0.85,0.89,0.41
244,330.75,2.5625,-14.1875,-2.76,-2.14,2.14
245,329.5625,2.375,-14.3125,0.45,1.08,-1.87
246,328.5,2.25,-14.3125,-2.62,-1.47,3.01
247,327.5625,2.25,-14.25,-0.4,-1.91,-1.37
248,326.625,2.3125,-14.0625,-0.58,1.18,0.8
249,325.75,2.375,-13.9375,-0.21,-0.06,0.76
250,325.0,2.375,-13.75,1.16,0.21,-0.88
251,324.25,2.375,-13.5625,-0.26,-0.52,-0.28
252,323.625,2.3125,-13.5625,-2.04,0.87,1.48
253,322.9375,2.125,-13.5,-1.78,-3.32,-0.92
254,322.3125,2.0625,-13.375,-0.77,-3.23,-0.65
255,321.1875,2.1875,-13.5,0.58,3.78,-0.23
256,320.6875,2.1875,-13.5625,-1.35,-2.18,-0.55
257,320.25,2.1875,-13.5625,-1.49,2.18,1.58
258,319.875,2.3125,-13.4375,0.23,1.08,-0.51
259,319.5,2.4375,-13.3125,1.11,0.9,0.25
260,318.9375,2.5,-13.1875,-0.02,-0.51,-1.1
261,318.625,2.4375,-13.1875,-1.53,-2.11,0.03
262,318.375,2.3125,-13.1875,-1.26,-0.09,0.81
263,318.125,2.25,-13.25,0.02,-1.93,0.46
264,317.875,2.25,-13.25,-1.04,-1.67,0.24
265,317.625,2.1875,-13.3125,-0.62,-1.15,0.51
266,317.4375,2.25,-13.375,-1.27,0.23,0.39
267,317.3125,2.3125,-13.375,0.0,-0.53,0.18
268,317.125,2.375,-13.3125,-0.9,-0.3,0.42
269,317.0,2.5,-13.25,0.78,-0.31,0.05
270,316.875,2.625,-13.1875,1.94,-1.04,-1.49
271,316.75,2.75,-13.125,-1.64,-0.72,2.65
272,316.625,2.5625,-13.125,-0.9,-1.5,0.7
273,316.3125,2.4375,-13.125,-0.34,-2.32,-0.53
274,316.125,2.5,-13.1875,-0.51,-1.11,0.23
275,316.0,2.5,-13.25,-1.19,-1.44,-0.21
276,316.0,2.5625,-13.25,0.64,-1.11,1.2
277,316.0,2.625,-13.125,-0.08,-1.81,-1.46
278,315.9375,2.75,-13.0625,-0.05,-1.68,0.67
279,315.9375,2.8125,-13.0,1.33,-1.85,-1.45
280,315.9375,2.6875,-13.0625,0.18,-1.38,-0.06
281,315.8125,2.5625,-13.1875,-1.96,0.97,3.82
282,315.6875,2.625,-13.25,-1.06,-1.01,0.3
283,315.5625,2.75,-13.375,-1.01,-1.74,-0.51
284,315.5625,2.8125,-13.5,-0.59,-2.93,-1.36
285,315.75,2.8125,-13.5,1.0,9.98,-6.49
286,315.875,2.6875,-13.6875,-0.12,3.37,5.22
287,316.0,2.5,-13.625,-2.12,-7.38,-2.03
288,316.0,2.4375,-13.5625,-0.4,1.51,0.26
289,315.875,2.4375,-13.5,-0.26,-1.07,0.89
290,315.875,2.4375,-13.5,-0.92,-1.49,0.33
291,315.8125,2.625,-13.5,1.25,-0.67,0.86
292,315.8125,2.75,-13.4375,-0.66,-2.11,-2.38
293,315.875,2.8125,-13.4375,2.08,-0.56,-0.28
294,315.9375,2.875,-13.5,2.16,-1.51,-1.0
295,315.9375,2.75,-13.5,-2.5,-1.96,0.88
296,315.8125,2.375,-13.6875,-1.42,-1.83,0.82
297,315.6875,2.5,-13.6875,-0.83,-1.58,-0.21
298,315.6875,2.5625,-13.8125,-0.95,-0.8,-0.68
299,315.8125,2.625,-13.875,1.84,2.05,1.75
300,315.8125,2.6875,-13.875,-1.7,-1.91,1.21
301,315.875,2.75,-13.75,0.77,-0.88,-0.62
302,315.625,2.375,-13.6875,-1.83,-2.04,-0.3
303,315.375,2.6875,-13.75,-0.51,1.15,-1.89
304,315.625,2.5,-13.625,0.58,-1.93,1.14
305,315.8125,2.4375,-13.8125,-2.3,-3.64,0.5
306,315.6875,2.4375,-14.25,1.79,-1.02,-0.16
307,315.8125,2.5,-14.125,1.1,-5.44,-4.41
308,315.8125,2.0625,-14.1875,-1.07,-0.3,1.9
309,315.625,2.0625,-14.25,-1.9,-2.38,0.12
310,315.5625,2.3125,-14.375,-0.4,-1.23,-2.12
311,315.875,2.25,-14.1875,1.82,-0.62,1.05
312,315.625,2.375,-14.25,-1.84,-3.08,0.01
313,315.6875,2.6875,-13.9375,2.39,0.0,-0.05
314,315.75,2.5625,-13.875,-3.72,4.39,9.14
315,315.5625,2.25,-13.9375,-4.28,-5.06,-1.38
316,315.375,2.5,-13.8125,6.69,6.35,0.88
317,314.75,3.5,-13.75,15.38,6.58,-5.65
318,313.25,4.0,-13.75,11.96,3.72,-5.3
319,311.1875,3.625,-13.6875,-2.64,3.26,8.19
320,306.8125,2.5625,-13.5,0.28,2.19,-3.37
321,304.5625,2.875,-13.4375,6.41,2.65,-3.63
322,302.125,3.1875,-13.375,6.32,5.5,-1.58
323,299.5625,3.125,-13.3125,2.94,2.53,-2.79
324,296.875,2.75,-13.375,-3.62,2.07,5.11
325,294.25,2.1875,-13.375,3.27,3.92,-4.85
326,291.875,2.125,-13.4375,5.37,1.84,0.82
327,289.5625,2.3125,-13.3125,3.07,-0.04,1.54
328,284.75,2.1875,-13.0625,2.58,4.68,2.06
329,282.375,2.0,-13.0625,0.07,-2.07,-2.45
330,280.0625,1.9375,-13.125,3.33,4.58,2.29
331,277.8125,1.9375,-13.125,2.24,3.42,-2.22
332,275.625,2.0625,-13.125,4.09,1.99,-0.27
333,273.4375,2.125,-13.125,4.05,2.37,-2.94
334,271.25,1.875,-13.125,2.8,0.75,-4.12
335,269.125,1.375,-13.25,1.58,5.52,0.75
336,267.0625,0.875,-13.25,-1.28,-1.91,1.43
337,265.0,0.625,-13.375,0.06,-0.91,1.56
338,260.9375,0.625,-13.5625,3.94,1.27,-1.58
339,258.9375,0.625,-13.5625,0.96,1.97,0.11
340,256.875,0.625,-13.5,0.63,0.34,-0.2
341,254.875,0.6875,-13.4375,2.42,0.13,0.21
342,252.875,0.6875,-13.375,-0.28,-0.07,-0.73
343,250.75,0.625,-13.4375,2.16,3.51,0.24
344,248.6875,0.5,-13.5625,0.29,1.45,-1.69
345,246.6875,0.4375,-13.625,1.0,-0.81,-2.59
346,242.875,0.5,-13.8125,5.11,1.89,-3.29
347,241.0625,0.1875,-13.8125,-1.19,-0.47,1.19
348,239.5,-0.1875,-13.875,-0.08,-0.41,-0.78
349,238.1875,-0.1875,-13.75,0.66,-2.13,-0.15
350,236.9375,-0.1875,-13.875,0.38,0.64,0.36
351,235.75,-0.3125,-13.9375,-0.26,-1.07,-0.66
352,234.6875,-0.4375,-14.125,-1.07,-2.42,0.38
353,233.75,-0.4375,-14.25,-0.68,1.41,-0.1
354,232.9375,-0.4375,-14.25,-0.26,-0.86,1.06
355,232.25,-0.4375,-14.125,-1.22,-2.31,-0.75
356,231.5625,-0.4375,-14.125,1.47,0.77,-0.04
357,231.0,-0.4375,-14.0625,0.93,-0.41,-0.53
358,230.4375,-0.4375,-14.0625,-0.61,0.41,1.88
359,229.9375,-0.5625,-14.125,0.51,-0.77,-0.13
360,229.125,-0.75,-14.3125,-0.7,-1.29,-1.16
361,228.8125,-0.75,-14.5,-0.37,2.52,1.79
362,228.5625,-0.8125,-14.4375,0.55,-0.02,-0.45
363,228.375,-0.8125,-14.375,-0.57,-1.12,-0.46
364,228.1875,-0.6875,-14.3125,0.01,-1.75,-0.54
365,227.875,-0.75,-14.3125,-0.72,-0.11,0.28
366,227.625,-0.6875,-14.375,0.1,-0.63,1.11
367,227.5,-0.625,-14.4375,0.27,0.03,0.67
368,227.375,-0.625,-14.5,-0.7,-1.61,-0.56
369,227.25,-0.625,-14.5625,0.04,-1.77,0.3
370,227.1875,-0.75,-14.4375,-1.09,-1.49,0.23
371,227.125,-0.75,-14.3125,-0.68,-0.63,-0.67
372,227.125,-0.75,-14.25,0.93,-1.11,-0.48
373,227.0,-0.8125,-14.1875,-1.24,-1.92,0.12
374,226.8125,-0.875,-14.1875,-0.56,-1.08,1.44
375,226.6875,-0.875,-14.25,1.93,0.57,-1.72
376,226.625,-0.75,-14.3125,5.01,1.12,1.03
377,226.375,-0.5,-14.3125,6.07,2.58,-2.53
378,225.0625,-0.125,-14.25,5.19,1.46,-4.34
379,224.0,-0.375,-14.375,0.78,1.9,1.64
380,222.875,-0.625,-14.5,1.75,3.86,0.33
381,221.6875,-0.75,-14.5625,2.58,1.47,-1.66
382,220.3125,-0.8125,-14.6875,0.37,1.74,1.77
383,218.9375,-0.75,-14.8125,2.47,3.13,-1.29
384,217.5,-0.75,-14.9375,1.95,0.14,-0.93
385,216.0,-0.8125,-15.0625,0.84,-1.16,-0.71
386,214.4375,-0.75,-15.0625,1.75,1.18,-0.14
387,212.875,-0.5625,-15.0625,2.88,0.25,-1.24
388,209.5,-0.625,-15.1875,0.98,1.06,0.87
389,207.75,-0.625,-15.3125,1.71,-1.66,-0.58
390,206.0,-0.4375,-15.4375,3.12,2.46,-1.09
391,204.25,-0.25,-15.5625,2.38,0.76,0.02
392,202.4375,-0.1875,-15.5625,2.76,0.16,-0.97
393,200.625,-0.1875,-15.5,0.62,0.36,-1.28
394,198.8125,-0.25,-15.5,-0.61,0.16,1.47
395,197.0625,-0.1875,-15.5,5.34,0.31,-1.5
396,195.1875,-0.1875,-15.5,3.37,3.87,0.85
397,193.3125,-0.3125,-15.4375,-1.64,-2.18,0.83
398,191.4375,-0.5,-15.5,1.57,2.69,-0.28
399,189.625,-0.4375,-15.625,3.56,0.87,-0.16
400,187.875,-0.3125,-15.5625,0.08,-1.6,-0.19
401,184.1875,-0.4375,-15.4375,0.29,2.42,-1.0
402,180.6875,-0.3125,-15.25,2.8,4.14,-3.15
403,177.125,-0.5625,-15.625,1.74,-0.75,0.62
404,171.625,-0.75,-16.125,1.87,1.65,-1.5
405,168.25,-0.75,-16.25,3.67,1.06,-1.51
406,164.9375,-0.9375,-16.25,2.25,-2.72,0.22
407,161.3125,-0.625,-16.4375,0.61,4.35,-1.11
408,159.5625,-0.4375,-16.5,1.22,3.99,-2.01
409,156.3125,-0.6875,-16.875,0.17,-0.81,5.06
410,153.625,-0.8125,-16.8125,1.82,-4.05,0.71
411,150.875,-0.75,-16.875,-1.14,2.55,4.18
412,149.625,-0.75,-16.9375,0.74,1.76,2.82
413,148.4375,-0.625,-16.9375,-0.41,-5.0,-0.42
414,147.375,-0.5625,-17.0,0.89,-0.01,0.34
415,146.3125,-0.5625,-17.125,-0.56,-0.76,0.55
416,144.5625,-0.5,-17.25,-0.19,-0.3,-0.74
417,143.8125,-0.5,-17.1875,1.03,-1.68,-0.06
418,143.0625,-0.5625,-17.1875,-0.09,2.09,1.42
419,142.5,-0.5625,-16.9375,1.42,2.22,-1.03
420,141.9375,-0.5,-16.875,-0.55,-4.78,0.02
421,141.375,-0.4375,-16.875,1.03,0.79,-0.35
422,140.8125,-0.4375,-16.9375,0.36,-1.14,-0.53
423,140.375,-0.4375,-17.0,1.0,0.12,0.01
424,139.5625,-0.3125,-17.1875,0.77,-1.21,-0.36
425,139.1875,-0.375,-17.3125,-0.74,-0.6,-0.65
426,138.875,-0.5,-17.3125,-2.59,-0.9,2.96
427,138.6875,-0.5,-17.25,-0.92,-1.54,0.63
428,138.5,-0.25,-17.125,0.18,-0.33,-1.09
429,138.3125,-0.125,-17.0625,2.13,-0.89,-0.03
430,138.125,-0.25,-17.0625,-0.29,-1.81,0.36
431,137.9375,-0.375,-17.125,-1.95,-1.62,1.39
432,137.75,-0.3125,-17.1875,-0.11,-1.73,-0.69
433,137.5625,-0.1875,-17.3125,-0.58,-1.17,0.97
434,137.375,-0.1875,-17.4375,0.03,-0.9,-0.24
435,137.25,-0.125,-17.5625,-0.04,-1.09,0.07
436,137.1875,-0.0625,-17.5625,-0.05,-1.65,-0.99
437,137.125,0.0,-17.4375,1.04,-0.13,0.16
438,136.9375,0.0625,-17.3125,1.78,-2.15,-1.69
439,136.875,-0.0625,-17.3125,-1.43,-1.2,0.68
440,136.75,-0.125,-17.3125,-0.95,-2.07,0.6
441,136.5625,0.0,-17.375,0.41,-2.5,-0.04
442,136.4375,0.0,-17.5,1.18,-1.56,-0.84
443,136.4375,0.125,-17.5625,-1.77,-2.89,1.55
444,136.4375,0.1875,-17.5,-0.58,-2.78,-0.01
445,136.4375,0.25,-17.375,0.4,-1.62,-0.54
446,136.5,0.375,-17.3125,1.86,-1.02,0.89
447,136.5,0.1875,-17.3125,-1.27,-2.14,0.66
448,136.375,0.1875,-17.375,-2.12,-1.17,2.61
449,136.25,0.375,-17.3125,-0.45,-2.22,0.14
450,136.1875,0.5,-17.3125,-0.77,-3.56,0.33
451,136.25,0.625,-17.25,0.23,-1.07,0.58
452,136.3125,0.75,-17.1875,2.12,-1.81,0.84
453,136.4375,0.6875,-17.0625,-0.16,-0.42,0.5
454,136.25,0.5,-17.125,-1.44,-2.29,2.15
455,136.0625,0.75,-17.1875,-0.93,-3.26,-1.03
456,136.0,0.9375,-17.25,-0.42,-1.57,1.05
457,136.0625,0.9375,-17.25,-0.23,-0.7,0.3
458,136.25,0.9375,-17.1875,1.5,-2.35,0.5
459,136.375,0.9375,-17.125,-0.57,-2.13,0.5
460,136.4375,0.8125,-17.1875,-0.81,-1.73,1.71
461,136.4375,0.9375,-17.1875,-0.48,-0.12,-0.46
462,136.4375,1.125,-17.125,1.25,-1.9,-0.12
463,136.5,1.1875,-17.0,3.24,-1.68,-1.95
464,136.375,1.125,-16.9375,2.46,-2.58,-3.14
465,136.3125,0.625,-17.0625,-2.91,-3.64,-0.03
466,136.1875,0.5625,-17.1875,-1.1,-1.56,-0.44
467,136.1875,0.6875,-17.375,-0.24,-2.02,0.54
468,136.3125,0.75,-17.375,2.84,2.12,1.17
469,136.5,0.75,-17.1875,-0.72,-2.37,-1.53
470,136.4375,0.5625,-17.125,-1.67,-0.14,4.19
471,136.4375,0.5625,-17.125,-1.82,-4.03,-2.14
472,136.4375,0.75,-17.1875,-0.18,0.23,-1.46
473,136.4375,0.875,-17.125,3.52,-4.63,-5.14
474,136.375,0.625,-17.0625,1.77,0.81,-0.35
475,136.3125,0.3125,-17.1875,-5.26,-1.21,6.15
476,136.3125,0.5,-17.3125,-0.76,1.02,-1.07
477,136.375,0.75,-17.3125,-0.57,-2.92,1.02
478,136.4375,0.875,-17.1875,3.99,2.95,0.15
479,136.375,0.6875,-17.0625,3.71,-3.64,-4.33
480,136.3125,0.3125,-17.0625,-3.97,-1.74,4.62
481,136.25,0.375,-17.125,-1.18,-0.99,-0.79
482,136.1875,0.625,-17.125,6.64,5.99,4.4
483,136.3125,0.6875,-16.9375,9.63,-0.78,-5.96
484,136.1875,1.0,-16.6875,8.11,1.87,-5.98
485,135.5,0.9375,-16.75,3.19,5.31,3.31
486,134.375,0.8125,-16.9375,6.05,6.36,-1.13
487,131.3125,1.375,-17.0625,6.38,4.9,-1.65
488,129.3125,1.5625,-16.875,5.62,2.8,-2.35
489,127.1875,1.4375,-16.75,5.28,2.95,-3.25
490,124.9375,1.0625,-16.875,-1.82,3.21,4.59
491,122.8125,1.0625,-16.9375,1.14,1.36,0.4
492,120.625,1.375,-17.0625,4.4,0.46,-2.29
493,118.4375,1.5,-17.25,4.58,4.72,-1.57
494,116.125,1.4375,-17.25,2.5,3.1,-1.46
495,113.75,1.3125,-17.0,-1.07,-0.8,4.29
496,111.5625,1.5,-16.875,1.58,1.91,0.22
497,109.375,1.5625,-16.9375,-2.63,-2.6,2.21
498,107.125,1.5,-16.9375,1.81,5.92,-0.56
499,105.0,1.8125,-17.0625,1.79,-1.96,-2.09
500,102.9375,2.125,-17.0,3.21,1.13,-0.69
501,98.6875,2.3125,-16.8125,1.76,-0.8,-1.64
502,96.5625,2.0625,-16.75,1.77,1.93,-1.9
503,92.5625,1.6875,-16.875,2.42,1.97,-2.4
504,86.8125,1.75,-17.125,-1.81,2.39,5.16
505,83.1875,1.375,-16.9375,0.87,-2.38,0.18
506,77.6875,1.6875,-16.8125,2.15,-1.61,0.19
507,73.9375,1.8125,-17.125,0.33,0.04,-0.58
508,70.375,2.0,-17.0625,-0.59,3.6,0.2
509,67.25,1.875,-16.9375,-1.74,1.7,-0.19
510,64.375,1.5625,-16.8125,0.27,-0.45,0.6
511,62.875,1.6875,-16.75,2.28,-1.54,-0.08
512,61.3125,1.8125,-16.75,-4.59,1.57,4.89
513,59.8125,1.6875,-16.875,-0.29,-2.55,-2.25
514,58.625,1.875,-16.875,2.35,0.94,0.11
515,56.375,2.125,-16.75,-0.37,-3.71,1.23
516,55.375,2.25,-16.5625,-1.88,-1.51,1.37
517,54.5625,2.5,-16.4375,3.48,-2.55,-1.49
518,53.625,2.375,-16.375,2.49,-2.45,-3.77
519,52.8125,2.0625,-16.5,-2.48,1.57,3.67
520,52.125,1.9375,-16.5,0.15,2.78,-1.88
521,51.375,1.9375,-16.6875,-1.92,-2.68,0.71
522,50.8125,1.9375,-16.75,-0.62,-2.01,0.47
523,50.375,1.875,-16.6875,-2.14,-0.88,-0.14
524,49.5625,2.0,-16.375,-1.83,0.01,0.3
525,49.25,2.125,-16.3125,0.17,0.11,-0.12
526,48.9375,2.125,-16.25,-2.37,-1.35,0.83
527,48.625,2.125,-16.3125,-0.35,-0.24,2.19
528,48.1875,2.25,-16.4375,-0.54,-0.53,0.33
529,48.0,2.375,-16.5625,0.32,0.53,-0.36
530,47.875,2.4375,-16.5625,1.05,-0.38,-0.63
531,47.6875,2.3125,-16.5625,-0.1,-1.85,-0.98
532,47.5,2.1875,-16.625,-1.15,-1.23,0.73
533,47.375,2.1875,-16.5,0.76,-1.08,-0.2
534,47.1875,2.125,-16.5625,1.68,-1.66,-0.8
535,47.0,2.0625,-16.5625,-1.81,-1.65,2.31
536,46.8125,2.1875,-16.5625,-1.07,-2.06,0.2
537,46.6875,2.3125,-16.625,-1.7,-2.14,-0.3
538,46.75,2.3125,-16.625,-0.85,-0.87,1.09
539,46.8125,2.3125,-16.5,0.66,-1.12,-1.22
540,46.75,2.375,-16.375,-0.44,-1.0,-1.13
541,46.6875,2.375,-16.3125,6.1,0.92,-1.39
542,46.5625,2.4375,-16.3125,-0.91,0.49,4.93
543,46.1875,2.25,-16.4375,4.19,-0.59,-3.26
544,45.625,2.5625,-16.5625,3.51,1.43,-0.77
545,44.75,2.625,-16.6875,0.74,3.05,1.38
546,42.8125,2.8125,-16.75,3.16,0.85,-2.4
547,41.625,2.75,-16.6875,2.46,1.74,-2.58
548,40.4375,2.6875,-16.5625,-0.84,3.84,4.32
549,39.125,2.625,-16.4375,0.75,1.63,0.42
550,37.75,2.5,-16.375,0.59,-0.4,-0.9
551,36.25,2.5,-16.4375,-2.2,1.6,2.35
552,34.75,2.75,-16.5,2.43,-2.23,-2.25
553,33.25,2.875,-16.625,2.11,2.44,0.49
554,31.6875,2.9375,-16.625,2.27,0.82,-1.1
555,30.125,2.875,-16.5625,-1.42,0.29,1.69
556,27.0625,3.1875,-16.1875,3.5,0.94,-1.27
557,25.4375,3.25,-16.0625,1.56,0.22,-1.15
558,23.75,3.1875,-16.0625,-0.56,-0.62,0.08
559,22.125,3.3125,-16.0625,-0.31,0.99,0.57
560,20.375,3.375,-16.125,1.79,3.14,1.59
561,18.6875,3.375,-16.125,-0.18,-1.84,-1.06
562,17.0,3.375,-16.125,-1.26,1.01,2.05
563,15.3125,3.5625,-16.0,2.2,2.19,1.13
564,13.625,3.5,-15.6875,2.28,1.34,1.74
565,11.9375,3.5,-15.5,0.18,0.1,0.14
566,10.3125,3.4375,-15.375,0.37,2.23,0.28
567,8.625,3.3125,-15.375,-0.84,1.1,-0.38
568,7.0625,3.25,-15.375,1.28,-1.07,-0.6
569,3.8125,3.25,-15.5,0.96,1.07,-0.41
570,2.25,3.1875,-15.625,1.1,2.53,-0.53
571,0.75,3.125,-15.5625,1.3,0.57,1.13
572,359.25,2.9375,-15.4375,0.46,0.89,-0.82
573,357.75,2.8125,-15.3125,0.33,1.1,-0.32
574,356.25,2.6875,-15.1875,-1.78,-1.57,1.76
575,354.75,2.6875,-15.0625,0.61,-0.71,-0.94
576,353.1875,2.75,-15.0,0.76,1.46,-0.23
577,351.625,2.8125,-14.9375,1.65,1.2,-0.95
578,350.0,2.875,-15.0,-0.5,-0.26,0.11
579,348.4375,2.8125,-15.0625,0.21,1.82,-1.21
580,346.875,2.8125,-15.125,0.2,-0.06,0.37
581,345.3125,2.8125,-15.125,0.78,0.29,0.18
582,343.8125,2.875,-15.0,0.85,1.54,-0.5
583,340.6875,2.75,-14.6875,1.33,-0.16,-0.34
584,339.1875,2.6875,-14.5,0.18,-0.28,-0.54
585,337.625,2.5625,-14.4375,1.63,0.64,-0.48
586,336.0,2.4375,-14.4375,-0.12,0.46,-0.05
587,334.4375,2.375,-14.4375,-2.16,-3.28,-0.21
588,331.375,2.4375,-14.4375,0.35,1.32,-1.25
589,330.0625,2.375,-14.4375,-3.63,-3.0,2.34
590,328.875,2.375,-14.3125,-0.24,-1.46,0.14
591,327.8125,2.375,-14.1875,-1.23,-0.64,1.49
592,326.8125,2.375,-14.0625,-1.27,-0.46,-0.28
593,325.8125,2.375,-13.875,0.3,0.11,-0.02
594,324.9375,2.25,-13.6875,-1.37,-1.1,-0.3
595,324.1875,2.1875,-13.625,-0.59,0.33,0.26
596,323.4375,2.125,-13.5,-3.16,-1.29,0.5
597,322.75,2.0625,-13.375,0.03,6.02,-0.03
598,322.0625,2.0625,-13.25,-0.08,-3.93,-1.28
599,321.4375,2.1875,-13.375,-0.13,2.63,1.18
600,320.8125,2.3125,-13.375,-0.39,-1.55,-0.81
601,320.0,2.375,-13.3125,0.21,-0.81,0.37
602,319.25,2.4375,-13.125,-0.51,-2.78,-1.51
603,318.9375,2.25,-13.0,-1.4,0.84,3.08
604,318.0625,2.1875,-12.9375,1.06,-0.11,1.49
605,317.625,2.4375,-13.125,-0.22,-2.22,-3.85
606,317.1875,2.5,-13.0625,1.05,4.29,-4.23
607,316.9375,2.5625,-12.9375,-0.12,-3.91,-1.88
608,316.6875,2.3125,-12.75,-0.36,-2.79,-2.33
609,316.375,2.5625,-12.75,-2.31,0.19,1.71
610,316.25,2.6875,-12.9375,-0.2,-0.89,0.85
611,316.125,2.875,-12.8125,0.2,-0.69,-1.33
612,316.0625,2.8125,-12.75,-1.94,-0.78,1.59
613,316.0,2.625,-12.6875,-1.44,-0.53,0.41
614,315.9375,2.4375,-12.6875,-0.36,-2.72,-2.21
615,315.8125,2.5,-12.8125,-1.36,-0.68,2.75
616,315.75,2.5625,-12.9375,-0.48,0.07,-0.47
617,315.75,2.5625,-13.1875,-1.35,-1.79,1.25
618,315.8125,2.5625,-13.25,0.01,-0.49,1.05
619,315.9375,2.625,-13.3125,5.35,8.37,-4.33
620,316.0,2.6875,-13.1875,-0.18,10.36,5.29
621,316.0625,2.75,-13.3125,-4.15,-8.26,-1.4
622,316.0625,2.4375,-13.375,-0.68,1.82,-0.59
623,316.0625,2.4375,-13.1875,-0.87,-2.41,1.37
624,316.0,2.625,-13.1875,0.48,-0.04,-0.64
625,316.0,2.75,-13.1875,-1.15,-1.82,0.51
626,315.9375,2.8125,-13.125,1.2,-0.95,0.24
627,315.9375,2.875,-13.0625,-0.02,-1.84,-1.78
628,315.9375,2.6875,-13.0625,-1.52,-0.7,1.29
629,316.0,2.4375,-13.1875,0.03,-1.82,-0.44
630,316.0,2.375,-13.1875,-0.38,0.36,-0.54
631,315.9375,2.5,-13.25,-0.89,0.24,1.39
632,315.875,2.5625,-13.4375,0.44,-1.37,0.52
633,315.9375,2.5625,-13.5,-1.26,-1.71,-0.94
634,315.9375,2.6875,-13.4375,2.8,-0.59,0.08
635,315.9375,2.6875,-13.375,2.23,-0.88,-0.64
636,315.875,2.4375,-13.375,-2.61,-0.2,2.32
637,315.6875,2.375,-13.3125,-0.5,-3.42,-2.4
638,315.5,2.5625,-13.375,-1.55,-2.43,1.07
639,315.4375,2.625,-13.5,0.01,-1.16,1.16
640,315.5625,2.625,-13.5,1.08,-0.52,-1.21
641,315.8125,2.5,-13.375,0.6,-2.5,-1.53
642,315.9375,2.4375,-13.3125,-0.27,1.37,2.05
643,315.8125,2.375,-13.5,-0.61,1.78,1.52
644,315.8125,2.5625,-13.8125,-1.82,-1.48,-0.01
645,315.8125,2.6875,-13.875,0.68,-0.91,0.15
646,315.9375,2.8125,-13.875,-4.6,0.78,5.83
647,315.9375,2.625,-13.75,-3.41,-0.29,2.85
648,315.9375,2.0,-13.8125,-0.83,-1.13,-1.14
649,315.9375,1.9375,-13.8125,-1.41,-0.33,0.59
650,315.6875,2.1875,-14.0,-0.53,-2.76,-1.12
651,315.75,2.3125,-14.0,0.92,1.74,2.79
652,315.9375,2.1875,-13.875,0.23,-3.96,-2.05
653,315.9375,2.1875,-13.8125,0.45,0.82,0.08
654,315.8125,2.25,-13.875,-1.58,-0.12,1.16
655,315.625,2.5,-13.9375,-1.86,0.56,1.74
656,315.5625,2.6875,-13.875,-0.74,-3.61,-2.55
657,315.6875,2.75,-13.625,4.78,-0.45,-2.22
658,315.8125,2.5625,-13.5625,-2.5,1.21,4.91
659,315.75,2.25,-13.625,-1.82,-1.78,0.87
660,315.5,2.3125,-13.6875,16.3,7.38,-1.12
661,315.1875,3.0625,-13.375,10.4,4.91,-6.42
662,314.125,3.4375,-13.3125,8.29,2.86,-4.48
663,312.5,3.25,-13.3125,4.91,5.29,-2.94
664,310.625,2.8125,-13.4375,2.45,1.94,-2.64
665,308.6875,2.5625,-13.3125,1.98,3.66,0.33
666,306.625,2.5625,-13.1875,1.67,6.49,-3.5
667,304.4375,2.625,-13.0625,4.04,-0.95,-2.25
668,302.25,2.625,-13.0625,2.07,2.22,-1.1
669,299.9375,2.3125,-13.0625,1.98,1.26,-0.74
670,295.5,2.125,-13.125,2.98,5.01,-1.03
671,293.3125,2.1875,-13.1875,3.38,2.93,-1.28
672,291.125,2.0,-13.0625,1.47,0.32,-0.95
673,288.875,1.8125,-12.8125,-1.12,1.3,0.53
674,286.8125,1.75,-12.75,3.67,4.71,-1.16
675,284.625,1.9375,-12.8125,0.0,-1.02,-1.91
676,282.4375,1.75,-12.75,0.11,0.16,0.28
677,280.25,1.8125,-12.9375,2.25,5.12,-1.51
678,278.1875,1.9375,-12.9375,2.85,3.19,-3.53
679,276.125,1.875,-13.0,2.33,-2.9,-0.58
680,272.0625,1.1875,-12.9375,-0.36,2.94,0.99
681,270.1875,0.8125,-12.9375,2.36,3.72,-0.27
682,268.375,0.75,-13.0,2.11,-1.34,-0.39
683,266.375,0.625,-13.0625,1.09,1.57,-1.4
684,264.4375,0.4375,-13.3125,0.06,0.85,0.66
685,262.625,0.375,-13.5,1.89,1.01,-0.78
686,260.75,0.3125,-13.4375,0.62,0.0,0.59
687,258.875,0.25,-13.375,2.34,0.14,-1.0
688,257.0,0.3125,-13.1875,2.81,1.99,-2.19
689,255.125,0.375,-13.125,-0.15,0.42,0.49
690,253.125,0.3125,-13.1875,0.7,1.16,-0.24
691,251.1875,0.1875,-13.375,0.65,1.64,-0.23
692,247.5,0.125,-13.6875,2.84,1.44,-1.31
693,245.6875,0.0,-13.8125,1.38,0.83,-2.07
694,243.9375,-0.25,-13.8125,1.4,-0.25,1.0
695,242.25,-0.3125,-13.8125,-0.6,-5.0,-2.92
696,240.6875,-0.5,-13.625,-2.18,-0.72,2.52
697,239.25,-0.625,-13.6875,0.0,-0.1,-1.84
698,238.0,-0.5625,-13.6875,0.3,0.25,-1.22
699,236.8125,-0.5625,-13.875,-2.95,-3.5,1.29
700,235.6875,-0.625,-14.0,-0.4,1.21,-0.72
701,233.9375,-0.5,-14.25,-0.65,-2.79,0.0
702,233.1875,-0.6875,-14.1875,-0.89,-0.32,1.41
703,231.9375,-0.8125,-14.0625,-0.04,1.27,-1.21
704,229.9375,-1.0625,-14.1875,-2.81,0.4,-0.09
705,229.3125,-0.875,-14.4375,-2.42,-2.12,1.35
706,228.625,-1.125,-14.375,0.53,-0.3,0.24
707,228.3125,-1.125,-14.1875,0.75,-3.22,-0.67
708,227.75,-1.0625,-14.4375,-0.06,-0.33,1.83
709,227.625,-1.0,-14.625,0.62,2.78,-1.59
710,227.5,-1.0,-14.75,-0.53,-2.74,-1.87
711,227.375,-1.0625,-14.6875,-1.77,0.35,4.01
712,227.3125,-1.1875,-14.5,1.05,-2.96,-2.19
713,227.3125,-1.1875,-14.3125,0.4,-1.14,-0.45
714,227.25,-1.125,-14.1875,-0.42,-2.95,-0.45
715,227.0,-1.1875,-14.1875,-0.39,-1.14,1.92
716,226.875,-1.125,-14.3125,0.74,-1.4,-1.29
717,226.8125,-1.0625,-14.4375,3.49,2.05,2.81
718,226.75,-1.0,-14.4375,1.79,-2.6,-1.86
719,226.625,-0.875,-14.375,2.06,1.23,0.85
720,226.25,-0.75,-14.1875,2.32,0.95,-2.24
721,225.6875,-0.5625,-14.125,4.77,2.11,-2.76
722,224.6875,-0.8125,-14.25,-2.89,0.35,2.86
723,223.6875,-1.0625,-14.375,1.82,1.78,-0.54
724,222.625,-0.9375,-14.5625,2.84,3.45,-0.93
725,220.1875,-1.0625,-14.9375,2.94,0.54,-1.15
726,218.875,-1.1875,-15.0,0.71,1.69,0.73
727,217.5625,-1.25,-15.0,-0.26,3.94,-0.67
728,216.125,-1.1875,-15.0,3.44,-1.84,0.77
729,214.6875,-1.0,-14.9375,1.67,-0.37,-0.32
730,213.125,-1.0,-15.0,3.26,-0.42,-1.01
731,211.5625,-1.0,-15.125,2.17,1.36,0.44
732,210.0,-0.875,-15.3125,0.38,0.06,0.63
733,206.6875,-0.625,-15.6875,2.94,1.8,0.42
734,205.0,-0.5,-15.625,1.86,-1.0,-1.42
735,203.25,-0.4375,-15.5625,4.32,1.8,-2.48
736,201.5,-0.5625,-15.5625,1.11,0.22,1.31
737,199.75,-0.6875,-15.5,-0.45,-3.01,-2.39
738,197.9375,-0.75,-15.5,2.47,3.19,1.85
739,196.1875,-0.5625,-15.6875,2.67,1.02,-1.22
740,194.3125,-0.375,-15.6875,2.55,-2.44,-2.75
741,192.4375,-0.4375,-15.8125,-0.31,1.01,1.08
742,190.625,-0.5625,-15.9375,2.56,2.1,-1.51
743,188.9375,-0.5625,-15.9375,0.38,-1.71,-0.18
744,187.125,-0.5625,-15.6875,3.55,-2.14,-2.59
745,185.4375,-0.5625,-15.5,1.65,0.76,-1.88
746,183.625,-0.5,-15.4375,0.91,1.81,1.13
747,180.125,-0.75,-15.6875,0.98,2.49,-0.94
748,178.375,-0.875,-15.875,0.94,2.25,-1.75
749,176.625,-0.9375,-16.1875,0.67,2.14,1.52
750,174.9375,-1.0625,-16.4375,-0.42,0.47,1.72
751,173.4375,-0.9375,-16.375,1.96,-0.42,-0.7
752,170.125,-0.875,-16.3125,1.96,0.51,0.54
753,168.4375,-0.9375,-16.3125,0.95,-0.4,0.05
754,166.75,-0.875,-16.375,0.61,0.28,0.38
755,165.0,-0.75,-16.4375,2.45,1.57,-0.03
756,163.1875,-0.625,-16.5625,2.4,-0.6,-1.3
757,161.4375,-0.5625,-16.75,0.39,-0.48,0.02
758,159.6875,-0.5,-16.9375,3.4,0.99,-0.18
759,157.9375,-0.5,-17.0625,1.61,0.8,-0.47
760,156.25,-0.6875,-17.125,0.03,1.25,2.0
761,154.625,-1.0625,-17.125,-4.37,-1.13,6.62
762,153.0,-1.0,-17.1875,1.2,-0.11,-0.05
763,151.5,-1.0625,-17.25,-0.07,-4.41,-3.67
764,150.0625,-0.875,-17.1875,0.32,3.24,2.61
765,147.5,-0.6875,-17.375,-1.16,-0.66,0.82
766,146.375,-0.625,-17.5,-0.33,-1.13,0.29
767,145.4375,-0.4375,-17.5625,0.6,-0.83,0.32
768,144.5,-0.3125,-17.5625,0.04,1.53,-0.8
769,143.6875,-0.3125,-17.5,1.36,-0.18,-0.71
770,142.375,-0.625,-17.25,-1.89,-0.8,1.53
771,141.75,-0.6875,-17.25,-0.91,-2.29,-1.89
772,141.1875,-0.5625,-17.25,1.3,0.56,0.89
773,140.625,-0.375,-17.25,-0.29,-1.93,-0.51
774,140.125,-0.3125,-17.4375,0.45,-0.07,0.37
775,139.75,-0.3125,-17.5625,-0.43,-1.5,-0.09
776,139.375,-0.3125,-17.625,-0.18,0.63,2.04
777,139.0625,-0.25,-17.625,0.19,-1.18,-0.96
778,138.75,-0.25,-17.5625,-0.09,-1.07,-0.2
779,138.625,-0.3125,-17.4375,1.12,-0.85,-0.35
780,138.4375,-0.25,-17.375,-1.05,-0.97,1.43
781,138.1875,-0.3125,-17.375,-0.9,-2.01,-0.36
782,137.9375,-0.3125,-17.4375,-0.35,-2.22,0.41
783,137.5625,-0.0625,-17.75,0.53,1.5,0.69
784,137.4375,0.0,-17.875,1.14,-0.85,-0.51
785,137.3125,0.0,-17.875,-0.18,-1.23,-0.07
786,137.1875,0.0,-17.875,-1.31,-0.41,1.81
787,137.125,0.0,-17.75,0.36,-1.82,-0.24
788,137.125,0.0,-17.625,1.35,0.77,0.84
789,136.9375,-0.0625,-17.5625,-0.94,-0.92,1.96
790,136.8125,-0.125,-17.625,-0.54,-3.27,-0.21
791,136.6875,0.0,-17.6875,-0.24,-2.26,0.13
792,136.5625,0.125,-17.875,2.48,-1.77,0.12
793,136.5,0.375,-17.8125,-0.62,-2.57,-1.26
794,136.5,0.3125,-17.6875,-1.26,-2.64,0.18
795,136.5625,0.25,-17.625,1.98,-2.71,-1.45
796,136.625,0.25,-17.5,0.1,-1.31,-0.42
797,136.4375,0.1875,-17.625,-1.67,-2.43,1.99
798,136.3125,0.3125,-17.6875,-0.91,-2.4,0.39
799,136.25,0.5,-17.8125,-1.07,-3.89,1.43
800,136.25,0.5625,-17.75,-0.55,-2.61,0.61
801,136.5,0.625,-17.4375,1.4,-3.1,-0.74
802,136.5625,0.5625,-17.375,-1.02,-3.63,-0.49
803,136.125,0.6875,-17.5,-1.4,-1.95,-0.44
804,136.0,0.875,-17.625,0.67,-4.6,-1.48
805,136.25,0.9375,-17.375,1.06,-1.23,1.52
806,136.125,1.125,-17.625,-1.0,0.19,1.37
807,136.4375,1.1875,-17.25,5.39,-3.17,-1.81
808,136.375,0.875,-17.375,-0.64,-1.56,1.45
809,136.125,0.9375,-17.5625,3.05,2.67,-4.1
810,136.375,0.9375,-17.5,0.89,1.03,5.48
811,136.5,0.5,-17.625,-0.83,0.0,0.53
812,136.4375,0.5,-17.6875,-1.79,-1.46,0.62
813,136.4375,0.5,-17.5625,-0.42,-2.56,0.28
814,136.5625,0.6875,-17.375,1.17,0.56,-1.04
815,136.3125,0.4375,-17.5625,-3.36,-1.69,5.8
816,136.375,0.3125,-17.75,-1.92,0.92,1.03
817,136.4375,0.4375,-17.6875,1.49,0.87,1.28
818,136.5625,0.625,-17.625,1.95,-1.05,0.53
819,136.5625,0.6875,-17.5,4.19,-0.44,-2.93
820,136.375,0.4375,-17.5625,-2.27,-0.63,44.24
821,136.25,0.4375,-17.625,-1.14,1.85,0.75
822,136.25,0.4375,-17.5625,-1.92,-5.06,-1.84
823,136.4375,0.4375,-17.375,2.25,1.52,-0.96
824,136.4375,0.5625,-17.1875,6.83,3.62,0.89
825,136.0,0.8125,-17.25,4.21,4.03,-1.86
826,135.0,0.9375,-17.3125,6.47,5.0,-1.07
827,133.625,1.25,-17.3125,7.15,3.71,-4.94
828,131.9375,1.5625,-17.25,6.17,4.73,-1.87
829,127.5625,1.5625,-17.25,-0.92,0.41,1.38
830,125.1875,1.1875,-17.3125,3.59,2.79,-1.06
831,122.875,1.125,-17.5,6.13,1.56,-2.09
832,120.625,1.4375,-17.5,4.21,2.03,-2.9
833,115.875,1.5625,-17.3125,2.72,0.54,1.13
834,113.5,1.5,-17.375,2.76,2.44,-0.26
835,111.1875,1.625,-17.375,2.85,1.56,1.01
836,108.8125,1.75,-17.3125,-1.38,-0.18,-0.66
837,106.5625,2.0625,-17.3125,1.77,0.46,-3.83
838,104.3125,2.4375,-17.25,3.7,-0.91,-3.62
839,102.0625,2.5625,-17.0,2.1,2.35,0.63
840,99.875,2.5,-17.0625,1.4,1.25,-0.11
841,97.625,2.4375,-17.125,-0.4,-0.52,-0.06
842,93.3125,2.125,-17.125,-0.83,1.72,-1.24
843,91.375,2.25,-17.25,2.71,3.04,-1.21
844,89.4375,2.1875,-17.25,3.66,0.6,-0.45
845,87.5,1.875,-17.25,-3.71,0.05,5.4
846,85.75,1.6875,-17.125,1.7,-1.62,1.73
847,84.0,1.75,-17.0,0.82,1.37,1.06
848,82.125,1.8125,-17.0,2.84,1.13,-0.71
849,80.25,2.0625,-17.0625,-0.47,-1.94,-0.02
850,78.3125,2.1875,-17.0625,0.83,2.37,-1.34
851,74.6875,2.4375,-17.1875,2.55,0.63,0.49
852,72.875,2.375,-17.125,-0.6,0.45,-0.26
853,71.1875,2.3125,-17.0,0.59,1.79,-0.36
854,69.5,2.25,-16.875,1.56,0.16,-0.93
855,67.8125,2.1875,-16.8125,-0.22,0.42,-0.55
856,66.125,2.1875,-16.875,0.72,0.29,0.35
857,64.4375,2.1875,-16.9375,1.3,-0.21,0.37
858,62.75,2.1875,-17.0,-1.76,-1.78,-0.4
859,61.0625,2.1875,-17.0625,-0.02,0.64,1.91
860,58.4375,2.25,-16.875,-1.83,-3.43,0.88
861,57.25,2.4375,-16.75,-1.09,-1.33,1.07
862,56.25,2.5625,-16.5625,-0.06,-1.28,0.01
863,55.25,2.625,-16.4375,-0.06,-2.78,-0.58
864,54.375,2.625,-16.4375,1.63,-1.0,-2.14
865,53.5,2.4375,-16.5625,-1.36,0.13,2.59
866,52.75,2.4375,-16.5625,0.11,-1.02,-1.37
867,52.0,2.4375,-16.625,-0.17,-0.71,-0.01
868,51.3125,2.375,-16.75,-0.65,-1.07,-0.74
869,50.75,2.1875,-16.75,-4.19,-1.11,0.33
870,50.3125,2.125,-16.625,0.53,1.52,1.37
871,49.9375,2.25,-16.5,1.34,-1.21,-1.76
872,49.625,2.375,-16.25,-1.47,1.01,0.65
873,49.25,2.375,-16.1875,-0.87,-1.73,-0.57
874,48.625,2.5,-16.375,-2.02,-0.93,1.45
875,48.375,2.625,-16.4375,-0.36,-0.1,-0.09
876,48.1875,2.8125,-16.5625,1.04,0.65,-0.23
877,48.0,2.8125,-16.5625,0.25,-1.38,-0.28
878,47.8125,2.75,-16.5,-0.77,-1.34,-0.64
879,47.6875,2.625,-16.5,-0.96,-0.86,0.3
880,47.625,2.5625,-16.4375,0.4,-1.15,-1.42
881,47.5,2.5,-16.375,-0.58,-1.23,-0.25
882,47.375,2.4375,-16.5,-0.79,-1.53,1.56
883,47.0625,2.4375,-16.5625,-1.22,-2.15,-0.06
884,46.875,2.5625,-16.625,-1.81,-1.91,0.45
885,46.875,2.6875,-16.625,-1.24,-0.83,-326.57
886,46.875,2.75,-16.5625,-0.42,-0.94,0.52
887,46.8125,2.75,-16.375,1.74,-1.05,-1.37
888,46.8125,2.8125,-16.25,0.42,-3.27,-2.37
889,46.6875,2.6875,-16.1875,1.85,-0.57,-2.56
890,46.625,2.5625,-16.3125,0.98,0.16,0.7
891,46.3125,2.6875,-16.375,3.69,0.13,-1.82
892,45.125,2.9375,-16.6875,1.98,1.97,-0.03
893,44.375,3.0625,-16.75,2.01,1.36,0.16
894,43.5,3.125,-16.6875,1.83,1.59,-1.63
895,42.5,3.0625,-16.625,3.37,2.06,-2.77
896,41.375,2.9375,-16.5,2.55,0.24,-3.03
897,40.1875,2.9375,-16.375,1.07,0.27,-0.42
898,38.875,2.8125,-16.375,-0.15,0.84,-0.11
899,37.5,2.875,-16.3125,1.49,0.18,-0.42
900,36.0625,2.9375,-16.4375,0.09,-1.14,-0.41
901,33.3125,3.1875,-16.5625,2.96,1.63,0.65
902,31.8125,3.0625,-16.5,0.87,1.24,-0.65
903,28.9375,3.4375,-16.1875,2.69,-1.43,-1.21
904,24.1875,3.5,-16.0,-1.01,2.85,0.75
905,22.625,3.625,-16.0,2.21,-0.37,0.72
906,19.3125,3.6875,-16.0625,0.12,0.18,-0.99
907,16.4375,3.75,-15.8125,-3.78,5.0,5.57
908,13.0,3.375,-15.5,2.06,-1.79,-3.88
909,11.9375,3.375,-15.3125,0.18,1.84,-2.1
910,10.75,3.375,-15.25,2.27,0.53,-2.08
911,9.625,3.5625,-15.1875,1.57,0.61,-0.36
912,8.4375,3.5625,-15.1875,-2.09,-1.07,1.36
913,6.0,3.5,-15.3125,1.29,1.54,-0.28
914,4.8125,3.5625,-15.3125,0.86,0.98,-0.93
915,3.625,3.4375,-15.375,-0.24,0.43,-0.05
916,2.5,3.3125,-15.375,-0.54,1.32,0.71
917,1.3125,3.25,-15.1875,-0.47,-1.12,0.9
918,0.1875,3.1875,-15.125,0.9,1.79,-1.95
919,359.0625,3.0625,-15.0,0.85,-1.09,-0.06
920,357.9375,2.875,-14.9375,-0.16,-0.24,0.17
921,356.6875,2.8125,-14.8125,-0.81,0.11,-0.29
922,354.1875,3.0,-14.75,2.35,0.42,-0.78
923,352.9375,3.0,-14.75,-0.66,0.06,0.75
924,351.625,3.0,-14.75,-0.07,-0.92,0.35
925,350.3125,3.0,-14.8125,0.13,0.59,-0.86
926,349.0625,3.0,-14.875,0.03,-0.16,-0.58
927,347.8125,3.0,-14.875,0.87,0.09,-0.66
928,346.625,3.0,-14.8125,0.88,-0.92,-0.63
929,345.3125,2.9375,-14.6875,0.46,0.28,0.71
930,344.0,2.875,-14.625,0.67,-0.79,0.44
931,341.3125,2.625,-14.375,0.51,-0.38,0.36
932,339.9375,2.5,-14.3125,0.03,-0.15,-0.75
933,338.5,2.4375,-14.25,0.13,0.07,-0.35
934,337.125,2.3125,-14.25,-0.1,-0.75,1.26
935,335.6875,2.375,-14.1875,3.28,2.37,-1.95
936,334.25,2.5,-14.1875,-0.98,-1.44,-0.79
937,332.8125,2.625,-14.1875,-4.96,-5.13,2.32
938,331.5,2.5,-14.125,1.31,2.69,-1.17
939,330.3125,2.5,-14.0,-0.56,-1.55,-0.84
940,328.25,2.5,-13.75,1.48,-0.96,-0.82
941,327.3125,2.4375,-13.625,-1.65,-1.68,0.33
942,326.4375,2.375,-13.5625,0.41,1.21,0.26
943,325.625,2.25,-13.375,-0.3,-0.77,0.26
944,324.8125,2.1875,-13.3125,-0.85,-0.14,1.2
945,324.125,2.25,-13.3125,1.0,0.32,-1.51
946,323.4375,2.1875,-13.25,-3.37,-0.4,1.32
947,322.875,2.25,-13.125,0.05,-0.36,-1.6
948,322.3125,2.3125,-13.25,-1.03,-4.44,0.86
949,321.75,2.3125,-13.1875,-0.91,1.32,-0.61
950,321.3125,2.375,-13.125,0.22,0.19,-0.14
951,320.875,2.5,-13.0625,0.07,1.4,0.03
952,320.5625,2.4375,-13.0,-1.77,-1.6,0.44
953,320.1875,2.3125,-12.9375,-0.24,1.27,0.29
954,319.5,2.1875,-12.9375,-0.65,-1.56,-0.61
955,319.1875,2.1875,-12.9375,-1.01,-1.28,-0.7
956,318.9375,2.25,-12.9375,-1.59,-1.31,0.31
957,318.75,2.375,-13.0,-0.17,0.31,-0.35
958,318.5625,2.4375,-13.0625,-0.29,-0.59,0.45
959,318.1875,2.5625,-13.0,-0.64,-0.73,0.09
960,318.0625,2.5625,-13.0,-0.82,0.61,0.72
961,317.9375,2.5625,-12.9375,0.61,-1.03,-0.29
962,317.8125,2.4375,-12.875,-0.49,-1.59,0.02
963,317.625,2.25,-12.875,-1.93,-0.15,2.06
964,317.5,2.25,-12.8125,-0.81,-1.66,0.2
965,317.3125,2.3125,-12.8125,-0.42,-2.29,-0.39
966,317.1875,2.4375,-12.875,-0.75,-0.81,0.56
967,317.0625,2.5625,-12.9375,-0.27,-0.55,-0.53
968,317.0,2.6875,-13.0,-1.1,-1.27,0.49
969,316.875,2.8125,-12.9375,0.75,0.34,-0.4
970,316.875,2.875,-12.8125,1.68,-0.56,-1.02
971,316.8125,2.8125,-12.75,-2.34,-0.71,2.44
972,316.625,2.4375,-12.6875,-1.67,-0.54,0.91
973,316.5,2.5,-12.75,-0.61,-1.9,-1.85
974,316.375,2.5,-12.875,0.16,-2.13,-0.96
975,316.375,2.4375,-13.125,-1.29,-0.51,-0.27
976,316.4375,2.375,-13.3125,-1.18,-1.37,0.94
977,316.5625,2.375,-13.3125,-0.36,0.06,0.75
978,316.625,2.5,-13.25,0.19,-2.31,-3.38
979,316.625,2.75,-13.125,4.0,6.45,-2.82
980,316.6875,2.75,-13.1875,-1.31,11.41,-3.9
981,316.6875,2.4375,-13.3125,-2.96,1.77,3.6
982,316.6875,2.5,-13.3125,-0.35,-0.95,0.59
983,316.6875,2.5625,-13.375,-0.21,-0.33,1.23
984,316.6875,2.5625,-13.3125,1.3,-1.22,0.35
985,316.625,2.5625,-13.25,-0.96,-1.17,0.88
986,316.5625,2.6875,-13.1875,3.46,-1.08,-1.15
987,316.6875,2.6875,-13.0625,2.32,-0.96,-2.73
988,316.625,2.4375,-13.125,-2.75,-3.45,-0.31
989,316.5625,2.25,-13.25,0.22,-1.06,0.01
990,316.5,2.5625,-13.3125,-0.48,-1.65,0.51
991,316.5625,2.625,-13.5,-0.24,-0.3,-0.59
992,316.5625,2.6875,-13.5,-0.18,-0.15,1.11
993,316.5625,2.6875,-13.4375,-1.43,-0.86,0.16
994,316.625,2.75,-13.3125,2.29,-2.0,-3.18
995,316.5625,2.5,-13.4375,-1.64,-1.49,0.79
996,316.4375,2.375,-13.4375,-0.42,-2.21,0.4
997,316.25,2.4375,-13.4375,-2.64,-1.76,0.37
998,316.125,2.5,-13.4375,-1.03,-0.93,-1.98
999,316.375,2.5,-13.5,-0.15,-0.19,0.73
1000,316.5,2.4375,-13.4375,2.41,-2.2,-1.84
1001,316.5,2.3125,-13.25,-1.64,-0.14,1.02
1002,316.4375,2.4375,-13.75,-1.42,-1.6,-0.5
1003,316.5,2.625,-13.9375,2.25,-0.95,2.24
1004,316.5625,2.0625,-13.8125,-0.36,0.15,-2.14
1005,316.4375,2.0625,-13.875,-0.79,-3.07,-3.36
1006,316.3125,2.3125,-14.0625,-0.17,-2.6,-0.48
1007,316.5625,2.125,-13.9375,0.15,1.85,-2.89
1008,316.375,2.3125,-14.0625,-1.76,3.76,1.31
1009,316.375,2.75,-13.8125,5.3,2.66,0.1
1010,316.5,2.6875,-13.75,-1.83,3.54,2.17
1011,316.5,2.25,-13.6875,-1.89,-2.11,-0.33
1012,316.375,2.125,-13.625,-2.06,2.33,3.9
1013,316.1875,2.375,-13.8125,-1.33,-1.2,0.54
1014,316.125,2.8125,-13.375,5.72,1.22,1.18
1015,315.375,3.125,-13.3125,6.88,3.13,-3.65
1016,314.125,2.875,-13.4375,2.42,6.39,2.23
1017,312.625,2.75,-13.375,4.94,2.96,-2.24
1018,310.9375,2.5625,-13.4375,4.89,5.96,0.09
1019,307.375,2.75,-13.125,4.69,1.1,-4.02
1020,305.375,2.5,-13.0,2.4,-0.19,-5.12
1021,303.4375,2.25,-13.0,-0.49,3.84,5.29
1022,301.4375,2.25,-13.0,3.26,1.38,-2.18
1023,299.375,2.125,-13.0625,1.13,1.3,-1.88
1024,297.375,2.1875,-13.25,2.49,2.18,0.15
1025,295.375,2.25,-13.25,2.2,2.12,-2.41
1026,293.375,2.0625,-13.125,-0.1,-1.49,0.15
1027,289.375,1.875,-12.8125,2.74,5.11,-0.19
1028,287.4375,1.75,-12.75,4.42,5.03,0.53
1029,285.375,1.8125,-12.875,1.46,3.12,2.77
1030,283.375,1.625,-12.9375,-1.98,-4.9,-3.28
1031,281.4375,1.6875,-13.125,2.07,5.86,0.62
1032,279.5625,1.75,-13.1875,3.03,1.43,-1.17
1033,277.75,1.5,-13.25,3.41,4.72,-1.32
1034,275.8125,1.125,-13.0625,0.64,-3.98,1.71
1035,274.0,0.875,-13.0,-0.67,3.28,0.83
1036,272.25,0.9375,-13.0,4.56,0.11,-1.14
1037,270.4375,0.9375,-13.0,1.03,0.61,-2.48
1038,268.5625,0.625,-13.0625,0.17,1.54,-0.29
1039,266.8125,0.5625,-13.375,2.46,2.0,-0.36
1040,265.1875,0.5625,-13.5,2.09,1.71,-0.59
1041,261.75,0.4375,-13.375,1.56,0.66,0.02
1042,260.0,0.375,-13.3125,1.3,-0.54,0.1
1043,258.25,0.375,-13.1875,1.23,0.53,-0.64
1044,256.5,0.375,-13.125,1.62,1.53,-0.88
1045,254.625,0.3125,-13.25,0.12,0.76,0.51
1046,252.8125,0.1875,-13.4375,-0.68,0.99,-0.03
1047,251.125,0.125,-13.625,3.14,2.48,-2.92
1048,249.4375,0.125,-13.75,2.88,0.97,-0.19
1049,247.75,0.0,-13.875,-1.02,-0.98,0.31
1050,244.625,-0.3125,-13.8125,1.83,2.86,1.0
1051,243.0,-0.375,-13.75,1.79,-1.45,-1.18
1052,241.5625,-0.625,-13.6875,-2.76,-1.68,1.7
1053,240.25,-0.625,-13.75,-0.26,0.24,-1.4
1054,239.0,-0.5625,-13.875,1.11,0.35,0.4
1055,237.875,-0.5625,-13.9375,-0.18,-2.35,-0.21
1056,236.875,-0.5625,-14.0625,0.18,0.51,-0.38
1057,235.9375,-0.4375,-14.1875,0.89,-0.37,0.04
1058,235.125,-0.5,-14.1875,1.12,-0.75,0.33
1059,234.3125,-0.5625,-14.1875,2.0,2.51,-0.78
1060,233.6875,-0.625,-14.0625,-0.5,-3.62,-0.05
1061,233.125,-0.75,-14.0,-0.8,0.63,-0.55
1062,232.4375,-1.0,-14.0625,-2.01,-0.35,2.81
1063,231.9375,-1.0,-14.0625,-0.25,-2.47,-1.63
1064,231.0,-0.9375,-14.25,-0.11,0.07,0.85
1065,230.625,-0.9375,-14.375,-0.24,0.97,-0.2
1066,230.25,-0.9375,-14.4375,0.44,-1.5,-0.86
1067,229.9375,-0.9375,-14.5,0.77,-0.11,0.15
1068,229.6875,-0.9375,-14.4375,-0.74,-1.03,1.19
1069,229.3125,-1.125,-14.3125,-0.18,-1.65,0.45
1070,229.0625,-1.125,-14.25,0.18,0.48,0.86
1071,228.875,-1.125,-14.25,-0.12,-1.88,-1.46
1072,228.6875,-1.0625,-14.3125,-0.33,-0.67,0.84
1073,228.5625,-1.0625,-14.5,0.14,0.84,0.41
1074,228.4375,-1.0,-14.625,0.34,-0.88,-0.74
1075,228.3125,-1.0,-14.6875,0.52,0.81,1.25
1076,228.1875,-1.0625,-14.625,-0.26,-1.74,0.01
1077,228.125,-1.0625,-14.5,0.48,-1.66,-0.69
1078,228.0625,-1.125,-14.3125,0.36,-0.44,0.74
1079,227.9375,-1.125,-14.25,-0.97,-0.95,0.26
1080,227.8125,-1.125,-14.1875,0.3,-0.23,-1.22
1081,227.6875,-1.0625,-14.1875,0.42,-1.66,-0.4
1082,227.5,-1.0625,-14.5,0.28,0.0,0.53
1083,227.5,-1.0625,-14.5,2.24,0.87,0.47
1084,227.3125,-0.8125,-14.3125,1.37,0.37,-0.26
1085,227.0,-0.625,-14.125,6.04,1.51,0.05
1086,226.25,-0.6875,-14.1875,7.82,0.87,-4.47
1087,225.3125,-1.0,-14.3125,-2.7,2.44,5.87
1088,224.375,-0.8125,-14.4375,5.73,1.16,-4.81
1089,223.1875,-0.9375,-14.6875,2.23,0.89,-1.61
1090,222.0625,-0.875,-14.875,-0.4,3.23,1.85
1091,220.875,-0.875,-14.9375,2.67,1.31,-1.43
1092,218.1875,-1.25,-15.0,-1.35,0.37,1.77
1093,216.8125,-1.1875,-15.0,0.66,6.04,0.17
1094,215.375,-1.125,-14.9375,1.53,0.64,-0.68
1095,213.875,-1.0,-15.0,3.15,1.48,-0.45
1096,212.3125,-0.9375,-15.1875,0.41,-0.66,0.05
1097,210.75,-0.75,-15.375,2.36,0.03,-0.05
1098,209.1875,-0.625,-15.625,3.27,2.73,-0.04
1099,207.625,-0.5625,-15.6875,1.85,-0.03,0.21
1100,206.0,-0.5,-15.625,3.56,1.42,-0.12
1101,202.6875,-0.5,-15.5625,2.07,-1.91,-0.32
1102,201.0,-0.625,-15.5,-1.19,1.26,2.43
1103,197.5,-0.375,-15.5625,2.66,0.19,-2.89
1104,191.875,0.0,-15.75,3.17,2.21,-1.02
1105,190.0,-0.0625,-15.625,1.86,-1.03,1.25
1106,186.1875,-0.0625,-15.375,3.12,-0.08,-2.47
1107,182.375,-0.125,-15.3125,1.9,1.14,-2.11
1108,174.5625,-0.5625,-16.0625,1.03,-0.91,3.69
1109,172.6875,-0.6875,-16.125,2.38,0.68,-0.86
1110,170.8125,-0.625,-16.0625,3.02,-1.21,-0.25
1111,168.8125,-0.5625,-16.0625,1.92,1.5,-0.6
1112,166.75,-0.5625,-16.0625,2.41,-0.52,-0.29
1113,164.75,-0.375,-16.1875,0.93,2.01,-1.03
1114,162.6875,-0.25,-16.3125,2.91,0.59,-0.46
1115,160.625,-0.0625,-16.4375,2.78,1.4,-0.86
1116,156.6875,0.0,-16.5,1.12,-0.35,-1.43
1117,154.6875,-0.0625,-16.5,1.15,1.33,-0.09
1118,152.875,-0.3125,-16.5,-1.26,-3.51,-3.61
1119,151.0,-0.375,-16.6875,-0.94,1.1,3.12
1120,149.3125,-0.625,-17.0,1.93,2.26,1.33
1121,147.8125,-0.8125,-17.125,-1.54,1.17,0.16
1122,146.5,-0.8125,-17.3125,0.02,-3.65,-0.65
1123,145.3125,-0.625,-17.25,1.74,0.09,-0.46
1124,144.1875,-0.4375,-17.1875,-0.82,-2.27,0.88
1125,143.1875,-0.3125,-17.125,-1.88,1.44,2.32
1126,141.625,-0.5,-17.0,-2.16,-3.24,-0.15
1127,140.875,-0.5,-17.0,-0.58,2.81,1.06
1128,140.1875,-0.375,-17.0,1.09,1.88,0.98
1129,139.625,-0.25,-17.1875,0.05,0.19,0.37
1130,139.125,-0.25,-17.1875,0.1,-2.33,-1.32
1131,138.6875,-0.25,-17.1875,1.08,-0.56,0.67
1132,138.3125,-0.25,-17.125,0.46,-0.73,-0.23
1133,138.0,-0.125,-17.125,-1.34,-2.35,0.81
1134,137.4375,-0.25,-17.125,-1.24,-2.54,-0.1
1135,137.1875,-0.3125,-17.125,-0.2,-0.61,1.62
1136,136.9375,-0.25,-17.1875,-0.41,-1.87,-0.69
1137,136.6875,-0.125,-17.25,-0.72,-0.09,0.95
1138,136.5625,0.0,-17.375,0.71,-1.45,-1.11
1139,136.4375,0.0625,-17.375,-0.74,-0.57,1.2
1140,136.25,0.0625,-17.4375,-0.63,0.11,1.26
1141,136.1875,0.125,-17.4375,2.7,-1.58,-1.75
1142,136.125,0.0625,-17.4375,-1.11,-2.09,1.03
1143,136.0,-0.125,-17.3125,-0.96,-2.59,0.71
1144,135.8125,-0.125,-17.3125,-0.26,-2.26,0.66
1145,135.6875,0.0,-17.3125,0.77,-1.43,-1.83
1146,135.625,0.125,-17.375,-0.52,-1.22,1.18
1147,135.5,0.3125,-17.5,-1.03,-0.56,3.23
1148,135.4375,0.4375,-17.4375,2.84,-1.52,-2.04
1149,135.375,0.4375,-17.375,-1.71,-1.55,3.99
1150,135.375,0.1875,-17.3125,-0.64,-1.35,-0.55
1151,135.25,0.125,-17.3125,-1.6,-2.02,2.12
1152,135.125,0.375,-17.3125,0.18,-1.39,0.06
1153,135.0625,0.5,-17.375,-0.63,-1.12,0.91
1154,135.0625,0.625,-17.4375,0.75,-1.14,0.81
1155,135.1875,0.6875,-17.375,1.08,-4.28,-1.07
1156,135.3125,0.625,-17.25,-0.47,1.35,2.86
1157,135.375,0.4375,-17.125,-0.35,-2.62,0.82
1158,135.1875,0.6875,-17.0625,0.35,-3.59,-3.3
1159,135.0,0.9375,-17.25,-1.14,-2.85,2.24
1160,134.9375,1.0,-17.3125,-0.25,-0.65,0.78
1161,135.0,1.0,-17.25,0.14,-2.01,-0.07
1162,135.1875,0.875,-17.125,0.42,-1.46,1.7
1163,135.3125,0.8125,-17.0625,-0.16,-2.49,0.07
1164,135.25,0.9375,-17.0625,-0.56,-1.77,0.46
1165,135.125,1.1875,-17.3125,-0.52,1.99,0.93
1166,135.125,1.25,-17.3125,5.18,-2.54,-2.73
1167,135.3125,1.25,-17.125,2.74,-2.13,-3.58
1168,135.4375,1.3125,-16.875,-4.06,-0.45,5.05
1169,135.3125,0.9375,-16.9375,-0.64,3.49,5.24
1170,135.125,0.875,-17.0625,-1.96,-4.43,-2.02
1171,134.9375,1.25,-17.125,0.04,-1.18,0.17
1172,135.125,1.3125,-17.0625,2.26,-1.96,-1.67
1173,135.3125,1.0625,-17.0625,-2.84,0.66,4.92
1174,135.3125,0.6875,-17.25,-2.29,-2.04,-0.19
1175,135.1875,0.6875,-17.3125,-1.55,-1.86,-0.07
1176,135.1875,0.875,-17.375,0.99,-0.48,3.98
1177,135.25,0.875,-17.25,0.8,-1.53,-1.41
1178,135.3125,0.875,-17.0,3.25,-1.01,-1.74
1179,135.3125,0.75,-16.9375,-2.27,-0.92,-0.95
1180,135.1875,0.5625,-17.1875,-1.21,-3.56,-0.98
1181,135.125,0.5625,-17.375,2.14,0.16,-0.98
1182,135.25,0.625,-17.3125,0.79,-0.7,0.66
1183,135.375,0.75,-17.1875,-1.13,1.78,2.77
1184,135.375,0.75,-17.125,-1.89,-1.68,3.26
1185,135.125,0.625,-17.3125,-1.77,1.78,0.38
1186,135.0,0.875,-17.25,-1.67,-3.48,-0.03
1187,135.125,0.875,-16.9375,5.6,-0.85,-3.02
1188,135.3125,0.875,-16.75,1.53,-0.28,1.59
1189,135.1875,0.5625,-16.875,7.53,3.55,0.19
1190,134.875,0.8125,-16.9375,7.06,2.37,-1.04
1191,134.125,1.375,-17.0,7.57,5.77,-5.36
1192,132.8125,1.75,-16.875,7.72,2.36,-4.18
1193,131.125,1.875,-16.8125,3.35,2.1,-3.0
1194,127.0,1.1875,-17.0,-6.12,-0.58,0.64
1195,124.8125,1.0,-17.0625,0.49,4.14,0.45
1196,122.75,1.1875,-17.1875,4.35,2.99,-0.98
1197,120.5625,1.4375,-17.125,2.54,0.12,0.46
1198,118.25,1.5,-17.0,2.89,2.07,-0.36
1199,115.9375,1.4375,-16.9375,1.27,-1.17,-1.69
1200,113.6875,1.375,-16.9375,2.07,2.71,1.83
1201,111.4375,1.5625,-17.0,2.23,0.6,-1.02
1202,106.9375,2.125,-16.9375,0.68,-0.17,-2.01
1203,102.5625,2.375,-16.75,3.87,-1.67,1.7
1204,98.25,2.25,-16.6875,-0.53,-0.88,-0.89
1205,93.875,2.125,-16.9375,3.68,-1.0,-0.3
1206,87.875,1.875,-16.9375,0.83,0.54,0.58
1207,84.5,1.375,-16.6875,0.81,-6.34,-0.74
1208,80.75,1.625,-16.75,1.78,1.99,-1.29
1209,78.75,1.8125,-16.9375,0.92,-0.13,-0.17
1210,74.75,2.0625,-17.0,2.03,1.7,-1.26
1211,72.75,2.125,-16.875,1.15,-0.96,0.66
1212,70.8125,2.0625,-16.6875,-0.33,1.49,0.51
1213,68.875,2.125,-16.625,1.27,1.16,-0.91
1214,67.0,2.1875,-16.5,1.88,-0.06,-1.58
1215,65.125,2.125,-16.5,-0.3,0.98,-1.59
1216,63.3125,2.125,-16.75,0.76,0.75,0.51
1217,61.625,2.1875,-16.9375,1.91,2.76,1.39
1218,59.9375,2.0,-16.875,-2.52,-3.03,2.16
1219,58.4375,2.0,-16.75,0.68,-1.95,0.47
1220,57.0625,2.125,-16.5625,-0.08,-2.82,-0.36
1221,55.8125,2.25,-16.375,-2.79,-3.28,1.88
1222,54.625,2.25,-16.25,-2.64,-2.24,1.81
1223,53.5,2.1875,-16.375,0.08,2.54,-0.31
1224,51.75,2.375,-16.5,0.55,-1.96,-0.9
1225,50.9375,2.375,-16.5,-1.16,3.9,0.32
1226,50.25,2.0625,-16.5625,-5.22,-4.23,2.89
1227,49.75,2.0,-16.375,0.85,1.18,-0.6
1228,49.25,2.125,-16.1875,0.1,-0.78,-1.69
1229,48.8125,2.125,-16.125,-1.28,0.13,1.55
1230,48.375,2.0,-16.25,-0.81,-1.33,-1.11
1231,48.0,2.0,-16.3125,0.91,1.03,-0.22
1232,47.6875,2.0625,-16.5,-0.5,0.47,1.6
1233,47.25,1.9375,-16.5625,-0.9,-0.89,-0.36
1234,47.0625,2.0625,-16.4375,-0.93,-0.62,-0.4
1235,46.9375,2.125,-16.375,0.27,-0.75,0.31
1236,46.8125,2.25,-16.25,1.31,-1.87,-2.02
1237,46.625,2.25,-16.3125,-1.91,-0.69,2.57
1238,46.4375,2.125,-16.375,-0.17,-1.39,-0.32
1239,46.25,2.125,-16.4375,0.28,-1.35,-0.59
1240,46.125,2.25,-16.5,0.12,-0.17,0.17
1241,46.0625,2.375,-16.5625,-0.4,-2.31,-0.14
1242,45.9375,2.25,-16.4375,-1.63,-0.81,0.38
1243,45.875,2.1875,-16.375,-0.9,-1.23,1.35
1244,45.875,2.25,-16.25,2.06,-1.06,-1.84
1245,45.75,2.1875,-16.25,-0.01,-0.91,-1.12
1246,45.625,2.0625,-16.3125,-1.46,-1.34,2.13
1247,45.5,2.125,-16.375,2.84,1.87,-1.81
1248,45.3125,2.4375,-16.375,2.96,1.2,-1.06
1249,45.0,2.625,-16.4375,2.64,1.49,-1.93
1250,44.4375,2.75,-16.4375,1.82,2.02,-0.74
1251,42.8125,2.75,-16.5,1.81,1.68,1.66
1252,41.8125,2.625,-16.4375,0.81,1.9,-0.19
1253,40.625,2.5625,-16.5,1.1,2.02,0.53
1254,39.375,2.5,-16.5,2.18,-0.95,-1.45
1255,38.0625,2.4375,-16.5,0.99,-0.91,-0.23
1256,36.75,2.4375,-16.5625,-0.15,0.42,-0.67
1257,35.4375,2.4375,-16.5625,-0.13,-1.25,-0.32
1258,34.0625,2.5,-16.4375,0.33,2.91,0.66
1259,32.6875,2.75,-16.375,3.51,-0.05,-1.03
1260,29.8125,3.0625,-16.125,-1.26,-0.53,1.99
1261,28.3125,2.9375,-16.125,-0.41,0.08,0.19
1262,26.75,3.125,-16.125,2.35,0.36,0.44
1263,25.125,3.1875,-16.1875,1.19,-0.18,-1.46
1264,23.5,3.125,-16.1875,-2.44,0.59,2.04
1265,22.0,3.125,-16.1875,1.77,1.57,-1.73
1266,20.5,3.25,-16.1875,1.09,2.9,0.51
1267,19.0,3.1875,-16.125,-1.99,-1.73,-0.1
1268,17.4375,3.1875,-15.8125,-0.78,-1.66,0.91
1269,16.0,3.4375,-15.6875,-0.41,-3.51,-2.14
1270,14.3125,3.5,-15.625,0.14,2.67,3.55
1271,12.625,3.25,-15.5,-1.23,-2.35,-0.41
1272,11.0,3.3125,-15.5,0.35,-0.06,0.0
1273,9.375,3.375,-15.5,0.93,-0.9,-0.96
1274,6.25,3.375,-15.5,1.25,-0.08,-1.92
1275,4.6875,3.1875,-15.5,0.79,2.03,0.98
1276,3.1875,2.9375,-15.4375,-1.63,1.32,1.37
1277,1.75,2.9375,-15.25,1.76,2.68,-0.9
1278,0.25,3.0625,-15.125,1.58,4.75,-3.03
1279,357.375,2.8125,-15.0,0.17,1.46,-1.74
1280,355.875,2.875,-15.0625,1.15,-1.42,0.56
1281,354.375,2.8125,-15.125,-0.14,-0.23,-0.23
1282,352.875,2.75,-15.25,0.66,1.92,0.17
1283,351.4375,2.75,-15.25,0.67,1.37,-0.07
1284,350.0,2.6875,-15.25,-0.28,-0.24,1.67
1285,348.625,2.6875,-15.125,1.05,0.74,-1.67
1286,347.25,2.6875,-15.0,1.02,1.07,-0.97
1287,345.875,2.625,-14.9375,-0.17,-1.45,-0.36
1288,344.5,2.5,-14.75,0.85,0.92,-0.93
1289,343.0,2.5,-14.625,0.75,-0.05,-0.67
1290,341.4375,2.5625,-14.5625,1.72,0.19,-0.8
1291,339.9375,2.625,-14.625,0.28,0.19,-0.15
1292,336.8125,2.4375,-14.8125,0.79,2.04,0.19
1293,335.375,2.3125,-14.8125,-1.63,-0.01,0.0
1294,334.0,2.375,-14.6875,3.4,2.6,-0.05
1295,332.5,2.625,-14.5,0.47,-1.47,-0.77
1296,331.0625,2.5625,-14.3125,-0.62,1.34,1.36
1297,328.625,2.125,-14.0625,-2.08,-3.5,0.81
1298,327.5625,2.1875,-13.875,-0.48,0.39,-0.9
1299,326.5,2.25,-13.8125,-0.02,-0.57,-1.52
1300,325.5625,2.3125,-13.8125,-0.92,-0.49,1.48
1301,324.6875,2.25,-13.8125,-1.19,0.12,-0.77
1302,323.125,2.3125,-13.875,1.19,1.44,0.48
1303,321.875,2.125,-13.5625,-2.26,-5.52,1.1
1304,320.875,2.0,-13.375,0.47,-0.8,-0.68
1305,320.375,2.0,-13.25,0.08,0.16,0.93
1306,319.4375,2.125,-13.1875,-0.48,1.04,-0.36
1307,318.625,2.1875,-13.3125,0.53,-4.86,0.18
1308,318.0,2.375,-13.5,-0.39,0.46,2.07
1309,317.375,2.25,-13.25,-0.35,-2.43,-1.5
1310,317.1875,2.25,-13.125,1.54,-1.39,0.08
1311,317.0,2.125,-13.0625,-1.76,-1.66,0.98
1312,316.75,2.125,-13.125,-1.45,-0.46,2.37
1313,316.375,2.3125,-13.25,-0.26,-3.06,-1.4
1314,316.1875,2.5,-13.4375,-0.35,-1.35,-0.2
1315,316.125,2.625,-13.375,0.79,0.09,-0.24
1316,316.0,2.625,-13.25,-1.56,-1.61,0.43
1317,315.9375,2.6875,-13.125,-0.32,-0.32,1.07
1318,315.875,2.625,-13.0625,-0.15,-1.34,-0.54
1319,315.8125,2.5,-12.9375,-1.47,-1.3,0.26
1320,315.6875,2.375,-12.9375,-0.44,-0.12,1.29
1321,315.375,2.5,-13.25,-1.12,-0.34,0.11
1322,315.3125,2.5625,-13.375,-0.92,-1.4,0.04
1323,315.375,2.5,-13.4375,-0.84,-2.63,0.18
1324,315.5,2.4375,-13.4375,0.88,-0.12,1.05
1325,315.5625,2.5,-13.375,0.69,-1.94,-1.82
1326,315.5,2.5625,-13.375,-0.12,-0.54,-0.02
1327,315.4375,2.4375,-13.6875,3.81,9.65,-3.9
1328,315.5,2.5,-14.0,3.17,9.93,2.21
1329,315.5625,2.3125,-14.0,-2.74,-7.38,0.2
1330,315.6875,2.0625,-13.9375,-2.11,-0.02,1.99
1331,315.6875,2.0625,-13.75,-0.87,-3.35,0.9
1332,315.6875,2.3125,-13.5,1.11,-0.9,-0.11
1333,315.625,2.4375,-13.3125,1.57,-2.29,-3.02
1334,315.5625,2.25,-13.375,-1.65,-1.3,0.82
1335,315.5,2.25,-13.5,-1.0,-0.35,0.71
1336,315.375,2.4375,-13.6875,-0.77,-1.58,-0.47
1337,315.375,2.5625,-13.75,0.99,-0.39,-0.42
1338,315.5625,2.5625,-13.75,-1.75,-1.17,-0.38
1339,315.5625,2.5625,-13.5625,0.69,-1.74,-0.29
1340,315.5625,2.4375,-13.5625,2.58,-1.01,-2.77
1341,315.4375,2.25,-13.75,-1.56,-0.8,2.29
1342,315.25,2.375,-13.8125,-0.37,-2.22,0.26
1343,315.0625,2.5,-13.9375,-1.13,-1.51,-0.56
1344,315.0625,2.625,-13.9375,-1.16,-3.04,1.0
1345,315.1875,2.4375,-13.875,-0.79,0.0,0.1
1346,315.375,2.375,-13.6875,0.2,-2.65,-0.57
1347,315.5,2.3125,-13.5625,0.48,-1.91,-0.8
1348,315.5,2.25,-13.625,-3.54,-3.27,1.0
1349,315.25,2.5,-13.9375,-0.88,1.85,1.67
1350,315.3125,2.625,-13.9375,-1.49,-3.67,0.59
1351,315.5,2.6875,-14.0,4.39,-1.29,-3.42
1352,315.5,2.625,-13.9375,1.25,-2.34,-3.57
1353,315.5,2.1875,-14.1875,-3.41,2.43,4.56
1354,315.4375,1.9375,-14.1875,-1.49,-5.59,-1.02
