order,heading,roll,pitch,ax,ay,az,turn
0,0,-0.625,-12.1875,0,-0.11,-0.44,0
1,0,-0.625,-12.1875,0,-0.1,-0.44,0
2,0,-0.625,-12.1875,0,-0.11,-0.43,0
3,0,-0.625,-12.1875,0,-0.11,-0.45,0
4,0,-0.625,-12.1875,0.02,-0.11,-0.43,0
5,0,-0.625,-12.1875,0,-0.09,-0.42,0
6,0,-0.625,-12.1875,0.01,-0.09,-0.43,0
7,0,-0.625,-12.1875,0,-0.11,-0.43,0
8,0,-0.625,-12.1875,0,-0.09,-0.42,0
9,0,-0.625,-12.1875,0,-0.09,-0.42,0
10,0,-0.625,-12.1875,0,-0.08,-0.45,0
11,0,-0.625,-12.1875,0,-0.1,-0.45,0
12,0,-0.625,-12.1875,0.02,-0.09,-0.42,0
13,0,-0.625,-12.1875,-0.01,-0.08,-0.45,0
14,0,-0.625,-12.1875,0.01,-0.09,-0.43,0
15,0,-0.625,-12.1875,-0.01,-0.09,-0.41,0
16,0,-0.625,-12.1875,0,-0.09,-0.42,0
17,0,-0.625,-12.1875,0,-0.09,-0.43,0
18,0,-0.625,-12.1875,0,-0.1,-0.43,0
19,0,-0.625,-12.1875,0,-0.12,-0.42,0
20,0,-0.625,-12.1875,0,-0.09,-0.44,0
21,0,-0.625,-12.1875,0,-0.1,-0.4,0
22,0,-0.625,-12.1875,0,-0.1,-0.41,0
23,0,-0.625,-12.1875,0,-0.11,-0.41,0
24,0,-0.625,-12.1875,0,-0.09,-0.41,0
25,0,-0.625,-12.1875,0,-0.07,-0.39,0
26,0,-0.625,-12.1875,0,-0.1,-0.45,0
27,0,-0.625,-12.1875,0,-0.1,-0.41,0
28,0,-0.625,-12.1875,0,-0.11,-0.4,0
29,0,-0.625,-12.1875,0,-0.09,-0.42,0
30,0,-0.625,-12.1875,0,-0.1,-0.44,0
31,0,-0.625,-12.1875,-0.01,-0.1,-0.45,0
32,0,-0.625,-12.1875,0,-0.07,-0.42,0
33,0,-0.625,-12.1875,-0.01,-0.1,-0.42,0
34,0,-0.625,-12.1875,0,-0.09,-0.45,0
35,0,-0.625,-12.1875,0.01,-0.1,-0.43,0
36,0,-0.625,-12.1875,0,-0.1,-0.43,0
37,0,-0.625,-12.1875,0.01,-0.1,-0.43,0
38,0,-0.625,-12.1875,0.01,-0.11,-0.43,0
39,0,-0.625,-12.1875,0,-0.11,-0.42,0
40,0,-0.625,-12.1875,0,-0.1,-0.44,0
41,0,-0.625,-12.1875,-0.01,-0.08,-0.42,0
42,0,-0.625,-12.1875,-0.01,-0.09,-0.43,0
43,0,-0.625,-12.1875,0,-0.02,-0.02,0
44,0,-0.625,-12.1875,-0.01,-0.01,0,0
45,0,-0.625,-12.1875,0,0,0.01,0
46,0,-0.625,-12.1875,0,-0.01,-0.02,0
47,0,-0.625,-12.1875,-0.01,-0.03,-0.02,0
48,0,-0.625,-12.1875,-0.01,-0.02,-0.03,0
49,0,-0.625,-12.1875,-0.01,-0.02,-0.01,0
50,0,-0.625,-12.1875,-0.01,-0.02,0.01,0
51,0,-0.625,-12.1875,0,0,-0.01,0
52,0,-0.625,-12.1875,-0.01,-0.02,0,0
53,0,-0.625,-12.1875,0,-0.02,-0.03,0
54,0,-0.625,-12.1875,0,-0.02,-0.03,0
55,0,-0.625,-12.1875,0,-0.01,0.01,0
56,0,-0.625,-12.1875,0,-0.03,-0.02,0
57,0,-0.625,-12.1875,0,0,0.02,0
58,0,-0.625,-12.1875,-0.01,0,-0.01,0
59,0,-0.625,-12.1875,-0.01,-0.03,-0.03,0
60,0,-0.625,-12.1875,0,-0.03,-0.01,0
61,0,-0.625,-12.1875,0,-0.02,-0.02,0
62,0,-0.625,-12.1875,0,-0.01,-0.01,0
63,0,-0.625,-12.1875,0,0,0,0
64,0,-0.625,-12.1875,-0.01,-0.02,0.02,0
65,0,-0.625,-12.1875,-0.01,0,0,0
66,0,-0.625,-12.1875,0,-0.01,-0.01,0
67,0,-0.625,-12.1875,0,-0.01,-0.01,0
68,0,-0.625,-12.1875,0,-0.02,-0.02,0
69,0,-0.625,-12.1875,0,0,0,0
70,0,-0.625,-12.1875,-0.01,0,-0.02,0
71,0,-0.625,-12.1875,0,-0.02,-0.01,0
72,0,-0.625,-12.1875,0,0,0.01,0
73,0,-0.625,-12.1875,0,0,0,0
74,0,-0.625,-12.1875,0,0,0,0
75,0,-0.625,-12.1875,-0.01,0,0.01,0
76,0,-0.625,-12.1875,0,0,-0.03,0
77,0,-0.625,-12.1875,-0.01,0,0,0
78,0,-0.625,-12.1875,0,0,-0.04,0
79,0,-0.625,-12.1875,-0.01,-0.01,-0.03,0
80,0,-0.625,-12.1875,-0.01,-0.01,0,0
81,0,-0.625,-12.1875,0,0,-0.04,0
82,0,-0.625,-12.1875,0,-0.01,0,0
83,0,-0.625,-12.1875,-0.01,-0.04,-0.01,0
84,0,-0.625,-12.1875,0,0,-0.02,0
85,0,-0.625,-12.1875,0,0,0,0
86,0,-0.625,-12.1875,0,0,-0.01,0
87,0,-0.625,-12.1875,0,-0.01,-0.01,0
88,0,-0.625,-12.1875,-0.01,0,-0.01,0
89,0,-0.625,-12.1875,-0.02,0,-0.02,0
90,0,-0.625,-12.1875,0,-0.02,-0.02,0
91,0,-0.625,-12.1875,-0.01,0,-0.02,0
92,0,-0.625,-12.1875,-0.01,0,-0.05,0
93,0,-0.625,-12.1875,-0.01,-0.02,0,0
94,0,-0.625,-12.1875,0,-0.01,0.01,0
95,0,-0.625,-12.1875,-0.01,0,0,0
96,0,-0.625,-12.1875,0,0,0,0
97,0,-0.625,-12.1875,-0.01,-0.03,-0.04,0
98,0,-0.625,-12.1875,0,-0.03,0.01,0
99,0,-0.625,-12.1875,0.01,0,0,0
100,0,-0.625,-12.1875,-0.01,0,-0.01,0
101,0,-0.625,-12.1875,-0.01,-0.01,-0.02,0
102,0,-0.625,-12.1875,0,0,0.02,0
103,0,-0.625,-12.1875,-0.01,-0.01,-0.01,0
104,0,-0.625,-12.1875,-0.02,-0.01,0,0
105,0,-0.625,-12.1875,0,-0.02,0,0
106,0,-0.625,-12.1875,-0.01,0,0,0
107,0,-0.625,-12.1875,-0.01,-0.02,0,0
108,0,-0.625,-12.1875,0,-0.02,0,0
109,0,-0.625,-12.1875,-0.01,0,-0.01,0
110,0,-0.625,-12.1875,0,-0.01,0,0
111,0,-0.625,-12.1875,-0.01,-0.01,0.01,0
112,0,-0.625,-12.1875,-0.02,0,-0.03,0
113,0,-0.625,-12.1875,-0.01,-0.02,0,0
114,0,-0.625,-12.1875,-0.01,-0.01,-0.01,0
115,0,-0.625,-12.1875,-0.01,-0.02,-0.01,0
116,0,-0.625,-12.1875,0,-0.01,-0.02,0
117,0,-0.625,-12.1875,-0.01,-0.01,0,0
118,0,-0.625,-12.1875,0,-0.01,-0.02,0
119,0,-0.625,-12.1875,-0.02,-0.01,0,0
120,0,-0.625,-12.1875,-0.01,-0.01,0,0
121,0,-0.625,-12.1875,-0.02,0,-0.01,0
122,0,-0.625,-12.1875,0,-0.01,0,0
123,0,-0.625,-12.1875,-0.01,0,-0.02,0
124,0,-0.625,-12.1875,-0.01,0,-0.01,0
125,0,-0.625,-12.1875,-0.01,-0.02,0,0
126,0,-0.625,-12.1875,-0.01,-0.02,-0.02,0
127,0,-0.625,-12.1875,-0.01,-0.01,0,0
128,0,-0.625,-12.1875,0,-0.02,-0.01,0
129,0,-0.625,-12.1875,0,-0.02,-0.01,0
130,0,-0.625,-12.1875,0,0,0,0
131,0,-0.625,-12.1875,0,-0.01,-0.02,0
132,0,-0.625,-12.1875,-0.01,-0.01,-0.01,0
133,0,-0.625,-12.1875,0,-0.01,0,0
134,0,-0.625,-12.1875,0,-0.01,-0.03,0
135,0,-0.625,-12.1875,0,0,0,0
136,0,-0.625,-12.1875,0,0,0,0
137,0,-0.625,-12.1875,0,-0.01,0.01,0
138,0,-0.625,-12.1875,0,-0.02,-0.02,0
139,0,-0.625,-12.1875,-0.01,-0.01,-0.01,0
140,0,-0.625,-12.1875,0,-0.01,-0.03,0
141,0,-0.625,-12.1875,0,-0.01,0,0
142,0,-0.625,-12.1875,-0.01,-0.02,0,0
143,0,-0.625,-12.1875,-0.01,0,-0.03,0
144,0,-0.625,-12.1875,0,-0.01,-0.01,0
145,0,-0.625,-12.1875,-0.01,-0.01,-0.02,0
146,0,-0.625,-12.1875,0,-0.03,0,0
147,0,-0.625,-12.1875,-0.01,0,-0.02,0
148,0,-0.625,-12.1875,-0.01,0,-0.02,0
149,0,-0.625,-12.1875,-0.01,-0.02,-0.02,0
150,0,-0.625,-12.1875,-0.01,-0.01,-0.03,0
151,0,-0.625,-12.1875,0,-0.03,-0.01,0
152,0,-0.625,-12.1875,-0.01,-0.01,0.03,0
153,0,-0.625,-12.1875,-0.01,0,-0.04,0
154,0,-0.625,-12.1875,0,-0.01,0,0
155,0,-0.625,-12.1875,0,0,0,0
156,0,-0.625,-12.1875,-0.01,-0.01,-0.03,0
157,0,-0.625,-12.1875,-0.01,0,0,0
158,0,-0.625,-12.1875,0,-0.02,-0.02,0
159,0,-0.625,-12.1875,-0.01,-0.01,-0.02,0
160,0,-0.625,-12.1875,0,0,0,0
161,0,-0.625,-12.1875,0,0,0,0
162,0,-0.625,-12.1875,-0.01,-0.01,-0.04,0
163,0,-0.625,-12.1875,0,-0.01,0.01,0
164,0,-0.625,-12.1875,-0.02,-0.01,0,0
165,0,-0.625,-12.1875,0,-0.01,-0.01,0
166,0,-0.625,-12.1875,0,0,-0.01,0
167,0,-0.625,-12.1875,0,-0.02,-0.03,0
168,0,-0.625,-12.1875,0,-0.01,-0.02,0
169,0,-0.625,-12.1875,-0.01,-0.01,-0.01,0
170,0,-0.625,-12.1875,-0.01,-0.01,-0.01,0
171,0,-0.625,-12.1875,-0.02,-0.01,0,0
172,0,-0.625,-12.1875,-0.01,-0.01,0,0
173,0,-0.625,-12.1875,-0.01,0,0,0
174,0,-0.625,-12.1875,-0.01,-0.02,0,0
175,0,-0.625,-12.1875,-0.02,-0.01,-0.01,0
176,0,-0.625,-12.1875,0,0,-0.02,0
177,0,-0.625,-12.1875,-0.01,0,0,0
178,0,-0.625,-12.1875,0,-0.02,-0.01,0
179,0,-0.625,-12.1875,-0.01,0,-0.01,0
180,0,-0.625,-12.1875,0,-0.02,0,0
181,0,-0.625,-12.1875,-0.01,0,-0.01,0
182,0,-0.625,-12.1875,-0.01,-0.02,-0.01,0
183,0,-0.625,-12.1875,-0.01,0,0,0
184,0,-0.625,-12.1875,0,-0.01,-0.01,0
185,0,-0.625,-12.1875,0,-0.01,0,0
186,0,-0.625,-12.1875,0,0,0,0
187,0,-0.625,-12.1875,-0.01,0,-0.01,0
188,0,-0.625,-12.1875,0,0,0,0
189,0,-0.625,-12.1875,-0.02,0,0,0
190,0,-0.625,-12.1875,-0.01,-0.01,-0.04,0
191,0,-0.625,-12.1875,-0.01,0,0,0
192,0,-0.625,-12.1875,0,-0.01,0,0
193,0,-0.625,-12.1875,-0.01,0,0,0
194,0,-0.625,-12.1875,-0.01,-0.02,0,0
195,0,-0.625,-12.1875,0,-0.04,-0.01,0
196,0,-0.625,-12.1875,0,0,0,0
197,0,-0.625,-12.1875,0,0,0,0
198,0,-0.625,-12.1875,-0.01,0,-0.01,0
199,0,-0.625,-12.1875,-0.01,-0.01,0,0
200,0,-0.625,-12.1875,-0.02,0,0,0
201,0,-0.625,-12.1875,-0.01,-0.02,-0.02,0
202,0,-0.625,-12.1875,-0.01,-0.02,-0.01,0
203,0,-0.625,-12.1875,-0.01,-0.02,0,0
204,0,-0.625,-12.1875,-0.01,0,-0.03,0
205,0,-0.625,-12.1875,0,-0.01,0.02,0
206,0,-0.625,-12.1875,-0.01,-0.03,-0.03,0
207,0,-0.625,-12.1875,-0.01,-0.01,-0.01,0
208,0,-0.625,-12.1875,0,-0.01,0,0
209,0,-0.625,-12.1875,-0.03,-0.01,0,0
210,0,-0.625,-12.1875,0,-0.02,-0.02,0
211,0,-0.625,-12.1875,0,-0.01,-0.01,0
212,0,-0.625,-12.1875,-0.02,0,-0.03,0
213,0,-0.625,-12.1875,-0.01,0,0,0
214,0,-0.625,-12.1875,0,-0.02,-0.03,0
215,0,-0.625,-12.1875,-0.02,-0.01,0,0
216,0,-0.625,-12.1875,-0.01,-0.04,-0.02,0
217,0,-0.625,-12.1875,0,0,0.01,0
218,0,-0.625,-12.1875,-0.01,-0.01,0,0
219,0,-0.625,-12.1875,-0.01,-0.01,0,0
220,0,-0.625,-12.1875,-0.01,0,-0.02,0
221,0,-0.625,-12.1875,-0.01,-0.01,-0.01,0
222,0,-0.625,-12.1875,-0.01,-0.04,-0.01,0
223,0,-0.625,-12.1875,0,0,0,0
224,0,-0.625,-12.1875,0,-0.01,-0.01,0
225,0,-0.625,-12.1875,-0.01,0,-0.01,0
226,0,-0.625,-12.1875,-0.01,-0.01,0,0
227,0,-0.625,-12.1875,-0.01,-0.01,0,0
228,0,-0.625,-12.1875,-0.01,-0.01,0,0
229,0,-0.625,-12.1875,0,-0.02,-0.01,0
230,0,-0.625,-12.1875,-0.01,-0.01,-0.01,0
231,0,-0.625,-12.1875,0,0,-0.04,0
232,0,-0.625,-12.1875,0,-0.04,0,0
233,0,-0.625,-12.1875,-0.01,-0.01,-0.04,0
234,0,-0.625,-12.1875,-0.01,-0.01,-0.03,0
235,0,-0.625,-12.1875,-0.01,0,0.01,0
236,0,-0.625,-12.1875,-0.01,-0.03,0,0
237,0,-0.625,-12.1875,0,-0.01,0,0
238,0,-0.625,-12.1875,-0.01,0,0,0
239,0,-0.625,-12.1875,-0.01,-0.02,-0.02,0
240,0,-0.625,-12.1875,0,-0.01,0,0
241,0,-0.625,-12.1875,-0.01,0,-0.02,0
242,0,-0.625,-12.1875,-0.02,0,-0.01,0
243,0,-0.625,-12.1875,-0.01,-0.02,0,0
244,0,-0.625,-12.1875,0,-0.02,-0.01,0
245,0,-0.625,-12.1875,-0.02,-0.02,-0.02,0
246,0,-0.625,-12.1875,-0.01,0,0,0
247,0,-0.625,-12.1875,-0.01,0,0,0
248,0,-0.625,-12.1875,0,-0.03,0,0
249,0,-0.625,-12.1875,0.01,0,-0.01,0
250,0,-0.625,-12.1875,-0.01,-0.01,0,0
251,0,-0.625,-12.1875,-0.01,0,-0.03,0
252,0,-0.625,-12.1875,-0.01,0,0,0
253,0,-0.625,-12.1875,0,-0.01,0.01,0
254,0,-0.625,-12.1875,-0.01,0,-0.01,0
255,0,-0.625,-12.1875,-0.02,0,0.02,0
256,0,-0.625,-12.1875,-0.01,-0.02,0,0
257,0,-0.625,-12.1875,0,-0.01,-0.02,0
258,0,-0.625,-12.1875,0,0,-0.01,0
259,0,-0.625,-12.1875,0,-0.01,-0.02,0
260,0,-0.625,-12.1875,-0.03,0,0,0
261,0,-0.625,-12.1875,-0.01,-0.02,0,0
262,0,-0.625,-12.1875,-0.01,-0.01,0,0
263,0,-0.625,-12.1875,-0.02,-0.03,0,0
264,0,-0.625,-12.1875,-0.01,0,0.01,0
265,0,-0.625,-12.1875,-0.01,-0.01,-0.02,0
266,0,-0.625,-12.1875,-0.01,-0.01,-0.01,0
267,0,-0.625,-12.1875,0,-0.02,0,0
268,0,-0.625,-12.1875,0,0,-0.01,0
269,0,-0.625,-12.1875,-0.01,0,0.02,0
270,0,-0.625,-12.1875,-0.01,-0.02,-0.01,0
271,0,-0.625,-12.1875,-0.01,-0.02,0,0
272,0,-0.625,-12.1875,-0.01,-0.02,0,0
273,0,-0.625,-12.1875,0,-0.01,0.01,0
274,0,-0.625,-12.1875,-0.01,-0.01,-0.04,0
275,0,-0.625,-12.1875,-0.01,0,0,0
276,0,-0.625,-12.1875,0,-0.01,0,0
277,0,-0.625,-12.1875,-0.01,-0.04,-0.02,0
278,0,-0.625,-12.1875,-0.01,0,-0.01,0
279,0,-0.625,-12.1875,-0.01,-0.02,0,0
280,0,-0.625,-12.1875,-0.01,-0.01,-0.01,0
281,0,-0.625,-12.1875,-0.01,-0.01,-0.03,0
282,0,-0.625,-12.1875,-0.01,-0.01,-0.03,0
283,0,-0.625,-12.1875,0,-0.01,-0.01,0
284,0,-0.625,-12.1875,0.01,0,0,0
285,0,-0.625,-12.1875,-0.02,0,0.01,0
286,0,-0.625,-12.1875,0.01,-0.02,0,0
287,0,-0.625,-12.1875,-0.03,0,-0.01,0
288,0,-0.625,-12.1875,-0.01,0,-0.01,0
289,0,-0.625,-12.1875,-0.03,-0.01,-0.01,0
290,0,-0.625,-12.1875,-0.02,-0.03,-0.01,0
291,0,-0.625,-12.1875,-0.01,0,-0.01,0
292,0,-0.625,-12.1875,0,0,-0.02,0
293,0,-0.625,-12.1875,0,-0.02,-0.01,0
294,0,-0.625,-12.1875,-0.01,-0.01,-0.05,0
295,0,-0.625,-12.1875,0,0,0.01,0
296,0,-0.625,-12.1875,0,0,-0.01,0
297,0,-0.625,-12.1875,-0.01,-0.01,-0.01,0
298,0,-0.625,-12.1875,-0.01,0,0.02,0
299,0,-0.625,-12.1875,0,-0.02,0,0
300,0,-0.625,-12.1875,-0.01,-0.01,0,0
301,0,-0.625,-12.1875,-0.01,0,-0.03,0
302,0,-0.625,-12.1875,-0.02,-0.02,-0.01,0
303,0,-0.625,-12.1875,-0.01,-0.01,0,0
304,0,-0.625,-12.1875,-0.01,-0.01,-0.01,0
305,0,-0.625,-12.1875,0,0,0.01,0
306,0,-0.625,-12.1875,-0.02,0,-0.04,0
307,0,-0.625,-12.1875,-0.01,-0.01,0,0
308,0,-0.625,-12.1875,0,0,0,0
309,0,-0.625,-12.1875,0,0,-0.01,0
310,0,-0.625,-12.1875,0,0,-0.02,0
311,0,-0.625,-12.1875,-0.01,0,0,0
312,0,-0.625,-12.1875,0,0,-0.01,0
313,0,-0.625,-12.1875,-0.01,0,0,0
314,0,-0.625,-12.1875,-0.01,0,0,0
315,0,-0.625,-12.1875,0,-0.01,-0.04,0
316,0,-0.625,-12.1875,0,-0.01,0.01,0
317,0,-0.625,-12.1875,-0.03,-0.03,-0.01,0
318,0,-0.625,-12.1875,0,-0.03,0,0
319,0,-0.625,-12.1875,-0.01,-0.01,0.02,0
320,0,-0.625,-12.1875,0.01,-0.01,-0.06,0
321,0,-0.625,-12.1875,-0.02,-0.02,0.03,0
322,0,-0.625,-12.1875,0,0,0.01,0
323,0,-0.625,-12.1875,0,-0.02,-0.03,0
324,0,-0.625,-12.1875,0,-0.02,0,0
325,0,-0.625,-12.1875,-0.01,0,-0.03,0
326,0,-0.625,-12.1875,-0.01,0,0,0
327,0,-0.625,-12.1875,-0.01,-0.01,0,0
328,0,-0.625,-12.1875,-0.01,0,-0.01,0
329,0,-0.625,-12.1875,0,0,0,0
330,0,-0.625,-12.1875,-0.02,0,-0.02,0
331,0,-0.625,-12.1875,-0.02,-0.03,-0.08,0
332,0,-0.625,-12.1875,0,-0.01,0,0
333,0,-0.625,-12.1875,-0.01,-0.01,-0.03,0
334,0,-0.625,-12.1875,-0.01,-0.02,-0.01,0
335,0,-0.625,-12.1875,-0.03,-0.02,0.01,0
336,0,-0.625,-12.1875,-0.01,-0.02,-0.01,0
337,0,-0.625,-12.1875,-0.01,-0.03,-0.01,0
338,0,-0.625,-12.1875,0,-0.01,0,0
339,0,-0.625,-12.1875,0,0,0,0
340,0,-0.625,-12.1875,-0.01,-0.02,-0.02,0
341,0,-0.625,-12.1875,-0.02,0,-0.01,0
342,0,-0.625,-12.1875,-0.01,-0.01,-0.04,0
343,0,-0.625,-12.1875,0,-0.01,0,0
344,0,-0.625,-12.1875,0,0,0.02,0
345,0,-0.625,-12.1875,-0.01,-0.01,-0.01,0
346,0,-0.625,-12.1875,-0.01,-0.02,-0.03,0
347,0,-0.625,-12.1875,-0.01,-0.02,-0.02,0
348,0,-0.625,-12.1875,-0.01,-0.02,0,0
349,0,-0.625,-12.1875,-0.01,0,-0.03,0
350,0,-0.625,-12.1875,0,0,0,0
351,0,-0.625,-12.1875,-0.01,-0.01,-0.01,0
352,0,-0.625,-12.1875,-0.01,0,0,0
353,0,-0.625,-12.1875,0,-0.02,0,0
354,0,-0.625,-12.1875,-0.02,-0.01,0,0
355,0,-0.625,-12.1875,-0.02,-0.04,-0.02,0
356,0,-0.625,-12.1875,0,-0.03,-0.01,0
357,0,-0.625,-12.1875,0,0,-0.04,0
358,0,-0.625,-12.1875,-0.01,-0.02,-0.01,0
359,0,-0.625,-12.1875,-0.01,0,-0.01,0
360,0,-0.625,-12.1875,-0.01,-0.01,-0.04,0
361,0,-0.625,-12.1875,-0.02,0,0,0
362,0,-0.625,-12.1875,-0.02,0,0.01,0
363,0,-0.625,-12.1875,-0.01,-0.01,-0.03,0
364,0,-0.625,-12.1875,-0.01,0,0,0
365,0,-0.625,-12.1875,0,-0.01,-0.04,0
366,0,-0.625,-12.1875,-0.01,0,0,0
367,0,-0.625,-12.1875,-0.01,-0.02,0.03,0
368,0,-0.625,-12.1875,-0.01,-0.02,-0.06,0
369,0,-0.625,-12.1875,-0.02,-0.02,-0.01,0
370,0,-0.625,-12.1875,-0.03,-0.01,0,0
371,0,-0.625,-12.1875,0,-0.03,-0.06,0
372,0,-0.625,-12.1875,-0.01,-0.01,0,0
373,0,-0.625,-12.1875,-0.02,-0.02,-0.05,0
374,0,-0.625,-12.1875,-0.01,0,0.01,0
375,0,-0.625,-12.1875,0,-0.02,0,0
376,0,-0.625,-12.1875,-0.01,-0.01,-0.04,0
377,0,-0.625,-12.1875,0,-0.02,0,0
378,0,-0.625,-12.1875,0,-0.02,0,0
379,0,-0.625,-12.1875,-0.01,0,-0.01,0
380,0,-0.625,-12.1875,-0.01,-0.03,-0.04,0
381,0,-0.625,-12.1875,-0.01,0,0.03,0
382,0,-0.625,-12.1875,-0.02,-0.03,-0.02,0
383,0,-0.625,-12.1875,0,-0.03,-0.05,0
384,0,-0.625,-12.1875,0,-0.02,-0.03,0
385,0,-0.625,-12.1875,0,-0.01,-0.06,0
386,0,-0.625,-12.1875,-0.01,-0.03,-0.04,0
387,0,-0.625,-12.1875,0,0.01,0.04,0
388,0,-0.625,-12.1875,-0.01,-0.01,0.02,0
389,0,-0.625,-12.1875,-0.02,-0.01,-0.02,0
390,0,-0.625,-12.1875,0,0.01,0,0
391,0,-0.625,-12.1875,-0.01,0,0,0
392,0,-0.625,-12.1875,-0.01,-0.02,0.01,0
393,0,-0.625,-12.1875,-0.01,-0.03,0,0
394,0,-0.625,-12.1875,-0.01,-0.03,0,0
395,0,-0.625,-12.1875,-0.01,0,0.02,0
396,0,-0.625,-12.1875,-0.01,-0.01,-0.05,0
397,0,-0.625,-12.1875,-0.01,-0.04,-0.05,0
398,0,-0.625,-12.1875,-0.02,-0.01,0.03,0
399,0,-0.625,-12.1875,0.01,-0.01,-0.03,0
400,0,-0.625,-12.1875,0,0,0,0
401,0,-0.625,-12.1875,-0.01,-0.02,-0.05,0
402,0,-0.625,-12.1875,0,-0.03,-0.03,0
403,0,-0.625,-12.1875,-0.03,-0.01,-0.01,0
404,0,-0.625,-12.1875,-0.01,-0.02,-0.05,0
405,0,-0.625,-12.1875,-0.01,-0.02,-0.01,0
406,0,-0.625,-12.1875,-0.01,-0.01,0.01,0
407,0,-0.625,-12.1875,-0.01,0,0,0
408,0,-0.625,-12.1875,0,-0.01,0.02,0
409,0,-0.625,-12.1875,0,-0.01,0.01,0
410,0,-0.625,-12.1875,-0.01,-0.03,-0.06,0
411,0,-0.625,-12.1875,-0.01,-0.03,0.01,0
412,0,-0.625,-12.1875,-0.02,-0.04,-0.06,0
413,0,-0.625,-12.1875,0,-0.01,0.03,0
414,0,-0.625,-12.1875,-0.01,-0.02,-0.03,0
415,0,-0.625,-12.1875,-0.01,-0.01,-0.03,0
416,0,-0.625,-12.1875,-0.01,0,0.01,0
417,0,-0.625,-12.1875,-0.01,-0.02,-0.06,0
418,0,-0.625,-12.1875,0,0,0.02,0
419,0,-0.625,-12.1875,-0.01,-0.02,0.01,0
420,0,-0.625,-12.1875,-0.02,0,-0.06,0
421,0,-0.625,-12.1875,-0.01,0,-0.01,0
422,0,-0.625,-12.1875,-0.01,-0.01,-0.02,0
423,0,-0.625,-12.1875,-0.01,0,-0.01,0
424,0,-0.625,-12.1875,-0.01,-0.02,0,0
425,0,-0.625,-12.1875,-0.02,-0.01,-0.02,0
426,0,-0.625,-12.1875,0.01,-0.01,0.05,0
427,0,-0.625,-12.1875,0,0,0,0
428,0,-0.625,-12.1875,-0.01,0,-0.01,0
429,0,-0.625,-12.1875,-0.03,-0.04,-0.03,0
430,0,-0.625,-12.1875,-0.01,0.01,0,0
431,0,-0.625,-12.1875,0,0,-0.03,0
432,0,-0.625,-12.1875,-0.01,-0.02,0.01,0
433,0,-0.625,-12.1875,-0.01,-0.03,-0.01,0
434,0,-0.625,-12.1875,0,0,0.02,0
435,0,-0.625,-12.1875,-0.01,0,0.06,0
436,0,-0.625,-12.1875,-0.01,0,0,0
437,0,-0.625,-12.1875,0,-0.04,-0.05,0
438,0,-0.625,-12.1875,-0.01,-0.01,-0.03,0
439,0,-0.625,-12.1875,-0.03,-0.04,-0.04,0
440,0,-0.625,-12.1875,0,0,0.02,0
441,0,-0.625,-12.1875,-0.01,-0.04,-0.09,0
442,0,-0.625,-12.1875,0,-0.03,-0.02,0
443,0,-0.625,-12.1875,-0.01,0,0,0
444,0,-0.625,-12.1875,0,-0.03,-0.04,0
445,0,-0.625,-12.1875,0,-0.01,0.02,0
446,0,-0.625,-12.1875,-0.02,-0.02,0.04,0
447,0,-0.625,-12.1875,-0.03,-0.01,0,0
448,0,-0.625,-12.1875,-0.02,-0.01,-0.03,0
449,0,-0.625,-12.1875,-0.02,0.01,0,0
450,0,-0.625,-12.1875,-0.01,-0.01,-0.04,0
451,0,-0.625,-12.1875,0.01,-0.01,0,0
452,0,-0.625,-12.1875,0,-0.01,-0.05,0
453,0,-0.625,-12.1875,-0.01,-0.02,-0.06,0
454,0,-0.625,-12.1875,-0.01,0,0.03,0
455,0,-0.625,-12.1875,0,0,-0.02,0
456,0,-0.625,-12.1875,-0.01,-0.06,-0.08,0
457,0,-0.625,-12.1875,-0.02,0,0.02,0
458,0,-0.625,-12.1875,-0.01,-0.01,-0.03,0
459,0,-0.625,-12.1875,0,-0.01,0,0
460,0,-0.625,-12.1875,0,-0.01,0.01,0
461,0,-0.625,-12.1875,0,0,0.04,0
462,0,-0.625,-12.1875,0,0.01,0.01,0
463,0,-0.625,-12.1875,0,-0.02,-0.09,0
464,0,-0.625,-12.1875,-0.01,0,0.04,0
465,0,-0.625,-12.1875,-0.01,0,0,0
466,0,-0.625,-12.1875,0,0,0.04,0
467,0,-0.625,-12.1875,0,0.01,0,0
468,0,-0.625,-12.1875,0,0,-0.01,0
469,0,-0.625,-12.1875,0,0.01,0.03,0
470,0,-0.625,-12.1875,0,0.01,-0.01,0
471,0,-0.625,-12.1875,-0.01,-0.01,-0.03,0
472,0,-0.625,-12.1875,0,-0.02,0,0
473,0,-0.625,-12.1875,0,-0.02,-0.04,0
474,0,-0.625,-12.1875,0,0,0.03,0
475,0,-0.625,-12.1875,-0.01,0,-0.04,0
476,0,-0.625,-12.1875,-0.02,-0.02,-0.03,0
477,0,-0.625,-12.1875,0,-0.02,0,0
478,0,-0.625,-12.1875,0,-0.01,0.02,0
479,0,-0.625,-12.1875,0,-0.02,-0.02,0
480,0,-0.625,-12.1875,-0.01,0,-0.01,0
481,0,-0.625,-12.1875,0.01,0,0.03,0
482,0,-0.625,-12.1875,0,-0.03,-0.06,0
483,0,-0.625,-12.1875,-0.01,0,0,0
484,0,-0.625,-12.1875,0,0,-0.01,0
485,0,-0.625,-12.1875,-0.01,-0.02,-0.04,0
486,0,-0.625,-12.1875,-0.01,0,0.02,0
487,0,-0.625,-12.1875,-0.01,0,0,0
488,0,-0.625,-12.1875,-0.01,0,-0.01,0
489,0,-0.625,-12.1875,0.01,0,-0.04,0
490,0,-0.625,-12.1875,0,0,-0.04,0
491,0,-0.625,-12.1875,-0.02,-0.02,-0.01,0
492,0,-0.625,-12.1875,-0.01,-0.02,-0.02,0
493,0,-0.625,-12.1875,-0.01,-0.01,-0.02,0
494,0,-0.625,-12.1875,-0.01,-0.01,0,0
495,0,-0.625,-12.1875,0,-0.01,-0.03,0
496,0,-0.625,-12.1875,0,0,0.01,0
497,0,-0.625,-12.1875,-0.01,-0.03,-0.04,0
498,0,-0.625,-12.1875,-0.01,-0.01,0,0
499,0,-0.625,-12.1875,0,-0.01,-0.04,0
500,0,-0.625,-12.1875,0,-0.03,-0.02,0
501,0,-0.625,-12.1875,0,-0.02,-0.03,0
502,0,-0.625,-12.1875,0,0,-0.03,0
503,0,-0.625,-12.1875,-0.01,-0.01,-0.02,0
504,0,-0.625,-12.1875,-0.01,0,-0.01,0
505,0,-0.625,-12.1875,-0.01,-0.02,-0.01,0
506,0,-0.625,-12.1875,-0.01,-0.03,0,0
507,0,-0.625,-12.1875,-0.01,-0.02,-0.02,0
508,0,-0.625,-12.1875,-0.01,0,0.02,0
509,0,-0.625,-12.1875,0,-0.01,-0.02,0
510,0,-0.625,-12.1875,-0.01,-0.02,0,0
511,0,-0.625,-12.1875,-0.01,0,0,0
512,0,-0.625,-12.1875,0,0,0,0
513,0,-0.625,-12.1875,-0.01,-0.01,-0.01,0
514,0,-0.625,-12.1875,0,-0.05,-0.01,0
515,0,-0.625,-12.1875,-0.01,-0.02,0,0
516,0,-0.625,-12.1875,0,-0.02,-0.02,0
517,0,-0.625,-12.1875,-0.01,0,-0.01,0
518,0,-0.625,-12.1875,-0.01,0,-0.02,0
519,0,-0.625,-12.1875,-0.01,-0.02,0.01,0
520,0,-0.625,-12.1875,0,-0.01,-0.06,0
521,0,-0.625,-12.1875,-0.01,-0.03,0,0
522,0,-0.625,-12.1875,-0.01,-0.02,0.02,0
523,0,-0.625,-12.1875,-0.01,0,-0.05,0
524,0,-0.625,-12.1875,-0.01,0.01,0.02,0
525,0,-0.625,-12.1875,-0.01,-0.03,-0.08,0
526,0,-0.625,-12.1875,-0.02,0,0,0
527,0,-0.625,-12.1875,-0.01,-0.04,-0.07,0
528,0,-0.625,-12.1875,0,-0.01,-0.1,0
529,0,-0.625,-12.1875,-0.01,0,0.03,0
530,0,-0.625,-12.1875,-0.01,-0.01,-0.1,0
531,0,-0.625,-12.1875,-0.01,-0.04,-0.1,0
532,0,-0.625,-12.1875,0,-0.01,0.04,0
533,0,-0.625,-12.1875,0,-0.04,-0.13,0
534,0,-0.625,-12.1875,0,0,0.09,0
535,0,-0.625,-12.1875,0,-0.04,-0.13,0
536,0,-0.625,-12.1875,0,0,0,0
537,0,-0.625,-12.1875,-0.01,0,0.02,0
538,0,-0.625,-12.1875,-0.01,0,-0.03,0
539,0,-0.625,-12.1875,-0.01,-0.01,0.03,0
540,0,-0.625,-12.1875,0,0,-0.1,0
541,0,-0.625,-12.1875,0,0,0.03,0
542,0,-0.625,-12.1875,-0.01,-0.01,-0.08,0
543,0,-0.625,-12.1875,-0.02,0.04,0.11,0
544,0,-0.625,-12.1875,0.01,0.04,0.09,0
545,0,-0.625,-12.1875,0.02,0.03,0.01,0
546,0,-0.625,-12.1875,0,0.06,0.13,0
547,0,-0.625,-12.1875,-0.01,-0.03,-0.08,0
548,0,-0.625,-12.1875,-0.01,-0.01,-0.04,0
549,0,-0.625,-12.1875,0,-0.07,-0.11,0
550,0,-0.625,-12.1875,-0.01,0,-0.05,0
551,0,-0.625,-12.1875,0.03,0,-0.09,0
552,0,-0.625,-12.1875,0,0,-0.11,0
553,0,-0.625,-12.1875,0,0.03,0.15,0
554,0,-0.625,-12.1875,0,-0.01,-0.12,0
555,0,-0.625,-12.1875,-0.01,0.02,0.14,0
556,0,-0.625,-12.1875,0,-0.02,0.06,0
557,0,-0.625,-12.1875,0.02,-0.02,-0.01,0
558,0,-0.625,-12.1875,-0.01,0,0.1,0
559,0,-0.625,-12.1875,0,-0.06,-0.17,0
560,0,-0.625,-12.1875,-0.03,0,0.12,0
561,0,-0.625,-12.1875,0,-0.03,-0.15,0
562,0,-0.625,-12.1875,-0.01,0,0.05,0
563,0,-0.625,-12.1875,0,-0.01,-0.01,0
564,0,-0.625,-12.1875,0,-0.02,-0.12,0
565,0,-0.625,-12.1875,-0.01,0,0.05,0
566,0,-0.625,-12.1875,-0.01,-0.02,-0.06,0
567,0,-0.625,-12.1875,0,0,0.06,0
568,0,-0.625,-12.1875,0,-0.01,-0.07,0
569,0,-0.625,-12.1875,-0.01,0,0.05,0
570,0,-0.625,-12.1875,0,0,-0.05,0
571,0,-0.625,-12.1875,0,0.05,0.16,0
572,0,-0.625,-12.1875,0.01,0.03,0.16,0
573,0,-0.625,-12.1875,0.02,-0.01,-0.12,0
574,0,-0.625,-12.1875,-0.01,0.01,0.18,0
575,0,-0.625,-12.1875,0,-0.06,-0.22,0
576,0,-0.625,-12.1875,-0.02,0,0.1,0
577,0,-0.625,-12.1875,0.03,0.02,0.04,0
578,0,-0.625,-12.1875,0,-0.07,-0.27,0
579,0,-0.625,-12.1875,-0.02,0,0.16,0
580,0,-0.625,-12.1875,-0.01,-0.04,-0.1,0
581,0,-0.625,-12.1875,0,0.02,0.15,0
582,0,-0.625,-12.1875,-0.01,0,0.06,0
583,0,-0.625,-12.1875,-0.01,0,-0.08,0
584,0,-0.625,-12.1875,-0.01,0.01,0.19,0
585,0,-0.625,-12.1875,0,-0.03,-0.2,0
586,0,-0.625,-12.1875,-0.01,0,0,0
587,0,-0.625,-12.1875,-0.02,-0.01,0.12,0
588,0,-0.625,-12.1875,-0.01,-0.03,-0.09,0
589,0,-0.625,-12.1875,-0.01,0,0.17,0
590,0,-0.625,-12.1875,-0.01,-0.05,-0.17,0
591,0,-0.625,-12.1875,-0.01,0,0.13,0
592,0,-0.625,-12.1875,-0.01,-0.05,-0.13,0
593,0,-0.625,-12.1875,0.01,-0.04,-0.08,0
594,0,-0.625,-12.1875,0,0,0.06,0
595,0,-0.625,-12.1875,-0.01,-0.03,-0.15,0
596,0,-0.625,-12.1875,0,0.02,0.07,0
597,0,-0.625,-12.1875,0,-0.01,-0.03,0
598,0,-0.625,-12.1875,-0.01,0,0,0
599,0,-0.625,-12.1875,-0.01,0,0.03,0
600,0,-0.625,-12.1875,0,0,0.03,0
601,0,-0.625,-12.1875,0,0,-0.07,0
602,0,-0.625,-12.1875,0,0,0.02,0
603,0,-0.625,-12.1875,0,-0.01,-0.04,0
604,0,-0.625,-12.1875,-0.02,0.04,0.11,0
605,0,-0.625,-12.1875,0,-0.01,-0.06,0
606,0,-0.625,-12.1875,-0.01,0,-0.03,0
607,0,-0.625,-12.1875,-0.02,-0.05,-0.11,0
608,0,-0.625,-12.1875,0.01,-0.02,-0.06,0
609,0,-0.625,-12.1875,0,0,0,0
610,0,-0.625,-12.1875,-0.02,-0.01,0.05,0
611,0,-0.625,-12.1875,-0.01,-0.01,-0.01,0
612,0,-0.625,-12.1875,-0.01,-0.03,-0.02,0
613,0,-0.625,-12.1875,0,0,0.05,0
614,0,-0.625,-12.1875,0,-0.02,-0.06,0
615,0,-0.625,-12.1875,0,-0.03,-0.02,0
616,0,-0.625,-12.1875,-0.01,0.01,0.03,0
617,0,-0.625,-12.1875,-0.01,-0.02,-0.02,0
618,0,-0.625,-12.1875,-0.01,0,0.02,0
619,0,-0.625,-12.1875,0,0,-0.02,0
620,0,-0.625,-12.1875,-0.01,0,-0.02,0
621,0,-0.625,-12.1875,0.01,-0.01,-0.05,0
622,0,-0.625,-12.1875,0.05,0.01,-0.06,0
623,0,-0.625,-12.1875,0.01,0.04,0.11,0
624,0,-0.625,-12.1875,-0.03,-0.01,0,0
625,0,-0.625,-12.1875,0.02,0.01,0.03,0
626,0,-0.625,-12.1875,-0.02,-0.03,0.01,0
627,0,-0.625,-12.1875,0,-0.05,-0.16,0
628,0,-0.625,-12.1875,0.04,0.01,0.07,0
629,0,-0.625,-12.1875,0,-0.04,-0.16,0
630,0,-0.625,-12.1875,-0.03,-0.02,-0.14,0
631,0,-0.625,-12.1875,0,-0.03,-0.08,0
632,0,-0.625,-12.1875,0,-0.01,-0.11,0
633,0,-0.625,-12.1875,0,0.02,0.11,0
634,0,-0.625,-12.1875,0.02,-0.03,-0.06,0
635,0,-0.625,-12.1875,-0.01,0,-0.06,0
636,0,-0.625,-12.1875,0,0,0.06,0
637,0,-0.625,-12.1875,-0.01,-0.01,-0.1,0
638,0,-0.625,-12.1875,-0.02,0,0.05,0
639,0,-0.625,-12.1875,-0.01,-0.05,-0.09,0
640,0,-0.625,-12.1875,-0.01,-0.01,0.02,0
641,0,-0.625,-12.1875,0,-0.02,-0.05,0
642,0,-0.625,-12.1875,-0.01,0,0.03,0
643,0,-0.625,-12.1875,0,0,-0.05,0
644,0,-0.625,-12.1875,0,0,0.01,0
645,0,-0.625,-12.1875,-0.02,-0.01,0,0
646,0,-0.625,-12.1875,0,-0.02,-0.04,0
647,0,-0.625,-12.1875,0.02,-0.03,-0.07,0
648,0,-0.625,-12.1875,0,0.01,0.07,0
649,0,-0.625,-12.1875,0.01,-0.02,-0.08,0
650,0,-0.625,-12.1875,-0.02,-0.02,-0.01,0
651,0,-0.625,-12.1875,-0.04,-0.02,0.05,0
652,0,-0.625,-12.1875,0,-0.03,-0.09,0
653,0,-0.625,-12.1875,0,0,0.06,0
654,0,-0.625,-12.1875,0,0,-0.04,0
655,0,-0.625,-12.1875,-0.03,0,0,0
656,0,-0.625,-12.1875,-0.01,-0.02,0.03,0
657,0,-0.625,-12.1875,-0.05,-0.05,-0.05,0
658,0,-0.625,-12.1875,-0.02,-0.05,0,0
659,0,-0.625,-12.1875,0.01,0,0.02,0
660,0,-0.625,-12.1875,0.02,0,-0.03,0
661,0,-0.625,-12.1875,0,0,-0.05,0
662,0,-0.625,-12.1875,-0.01,-0.01,0,0
663,0,-0.625,-12.1875,-0.03,-0.01,-0.01,0
664,0,-0.625,-12.1875,-0.03,-0.01,-0.02,0
665,0,-0.625,-12.1875,-0.01,-0.01,0,0
666,0,-0.625,-12.1875,0,-0.03,-0.06,0
667,0,-0.625,-12.1875,0,-0.03,0.01,0
668,0,-0.625,-12.1875,0,0,-0.02,0
669,0,-0.625,-12.1875,-0.01,-0.02,-0.05,0
670,0,-0.625,-12.1875,-0.01,-0.04,-0.05,0
671,0,-0.625,-12.1875,0,0,0.02,0
672,0,-0.625,-12.1875,0.03,-0.01,-0.01,0
673,0,-0.625,-12.1875,0.02,0.05,0.27,0
674,0,-0.625,-12.1875,0.07,0.12,0.25,0
675,0,-0.625,-12.1875,0,0,-0.03,0
676,0,-0.625,-12.1875,-0.08,-0.02,0.08,0
677,0,-0.625,-12.1875,-0.06,-0.04,0.02,0
678,0,-0.625,-12.1875,-0.02,-0.04,-0.1,0
679,0,-0.625,-12.1875,0.03,0.05,0.15,0
680,0,-0.625,-12.1875,0.01,-0.09,-0.12,0
681,0,-0.625,-12.1875,0.04,0,-0.04,0
682,0,-0.625,-12.1875,0,0,0.04,0
683,0,-0.625,-12.1875,-0.04,-0.01,-0.1,0
684,0,-0.625,-12.1875,-0.09,0,0.02,0
685,0,-0.625,-12.1875,-0.02,-0.01,0.02,0
686,0,-0.625,-12.1875,0.03,-0.01,0,0
687,0,-0.625,-12.1875,0.02,0,0.04,0
688,0,-0.625,-12.1875,0,-0.01,-0.06,0
689,0,-0.625,-12.1875,0.01,0.01,-0.02,0
690,0,-0.625,-12.1875,-0.01,-0.01,-0.02,0
691,0,-0.625,-12.1875,-0.04,-0.02,0.01,0
692,0,-0.625,-12.1875,0,0,-0.04,0
693,0,-0.625,-12.1875,0.01,-0.02,-0.01,0
694,0,-0.625,-12.1875,0.03,-0.01,0.02,0
695,0,-0.625,-12.1875,0,-0.03,-0.04,0
696,0,-0.625,-12.1875,-0.02,-0.01,0.02,0
697,0,-0.625,-12.1875,-0.04,-0.01,-0.03,0
698,0,-0.625,-12.1875,-0.02,0,0,0
699,0,-0.625,-12.1875,-0.01,0,0,0
700,0,-0.625,-12.1875,0.01,-0.01,-0.03,0
701,0,-0.625,-12.1875,0.02,-0.01,0,0
702,0,-0.625,-12.1875,-0.03,0,-0.03,0
703,0,-0.625,-12.1875,-0.03,-0.04,-0.03,0
704,0,-0.625,-12.1875,0,-0.01,-0.02,0
705,0,-0.625,-12.1875,0.01,-0.01,-0.03,0
706,0,-0.625,-12.1875,-0.01,-0.02,0.01,0
707,0,-0.625,-12.1875,-0.01,-0.05,-0.26,0
708,0,-0.625,-12.1875,-0.06,-0.09,-0.06,0
709,0,-0.625,-12.1875,0.02,-0.01,-0.08,0
710,0,-0.625,-12.1875,0.04,0.04,0.07,0
711,0,-0.625,-12.1875,0,0,-0.01,0
712,0,-0.625,-12.1875,0,0,-0.1,0
713,0,-0.625,-12.1875,-0.03,-0.1,-0.06,0
714,0,-0.625,-12.1875,0.01,0,0.04,0
715,0,-0.625,-12.1875,0,0,-0.01,0
716,0,-0.625,-12.1875,-0.03,0,-0.05,0
717,0,-0.625,-12.1875,-0.02,0,-0.02,0
718,0,-0.625,-12.1875,0,0,-0.02,0
719,0,-0.625,-12.1875,0,-0.02,0.04,0
720,0,-0.625,-12.1875,-0.01,-0.02,-0.01,0
721,0,-0.625,-12.1875,-0.01,-0.03,0,0
722,0,-0.625,-12.1875,0,-0.01,0.03,0
723,0,-0.625,-12.1875,-0.01,-0.03,-0.04,0
724,0,-0.625,-12.1875,-0.01,0,0,0
725,0,-0.625,-12.1875,-0.04,0,0,0
726,0,-0.625,-12.1875,0,0,-0.02,0
727,0,-0.625,-12.1875,0.01,-0.01,-0.03,0
728,0,-0.625,-12.1875,0.02,-0.02,-0.03,0
729,0,-0.625,-12.1875,0,0,0.04,0
730,0,-0.625,-12.1875,0,-0.03,-0.01,0
731,0,-0.625,-12.1875,-0.01,-0.05,0,0
732,0,-0.625,-12.1875,-0.06,-0.01,0.01,0
733,0,-0.625,-12.1875,-0.01,-0.03,-0.07,0
734,0,-0.625,-12.1875,0,0,0.07,0
735,0,-0.625,-12.1875,0.01,0,0.01,0
736,0,-0.625,-12.1875,0,-0.03,-0.04,0
737,0,-0.625,-12.1875,-0.01,-0.04,0,0
738,0,-0.625,-12.1875,-0.01,-0.01,0,0
739,0,-0.625,-12.1875,-0.03,-0.02,0.01,0
740,0,-0.625,-12.1875,-0.01,-0.01,0.01,0
741,0,-0.625,-12.1875,0.01,0,0,0
742,0,-0.625,-12.1875,0,0,-0.01,0
743,0,-0.625,-12.1875,0,0,-0.02,0
744,0,-0.625,-12.1875,-0.01,-0.01,0.02,0
745,0,-0.625,-12.1875,-0.02,-0.03,-0.03,0
746,0,-0.625,-12.1875,-0.02,-0.04,0.01,0
747,0,-0.625,-12.1875,-0.02,-0.03,0,0
748,0,-0.625,-12.1875,-0.02,-0.02,0,0
749,0,-0.625,-12.1875,0.01,0,-0.02,0
750,0,-0.625,-12.1875,0,0,0,0
751,0,-0.625,-12.1875,-0.01,-0.01,-0.02,0
752,0,-0.625,-12.1875,-0.01,-0.02,-0.01,0
753,0,-0.625,-12.1875,-0.03,-0.01,0,0
754,0,-0.625,-12.1875,-0.01,-0.01,-0.01,0
755,0,-0.625,-12.1875,0,0,-0.02,0
756,0,-0.625,-12.1875,-0.01,0,0,0
757,0,-0.625,-12.1875,-0.01,-0.01,-0.01,0
758,0,-0.625,-12.1875,-0.02,-0.02,0.02,0
759,0,-0.625,-12.1875,-0.04,0,-0.02,0
760,0,-0.625,-12.1875,-0.01,-0.07,-0.28,0
761,0,-0.625,-12.1875,-0.04,0.1,0.27,0
762,0,-0.625,-12.1875,0.01,-0.11,-0.25,0
763,0,-0.625,-12.1875,0.03,0,0.15,0
764,0,-0.625,-12.1875,0.01,-0.06,-0.05,0
765,0,-0.625,-12.1875,0,-0.09,-0.17,0
766,0,-0.625,-12.1875,-0.03,0.03,0.15,0
767,0,-0.625,-12.1875,-0.05,0,-0.16,0
768,0,-0.625,-12.1875,-0.01,0.03,0.04,0
769,0,-0.625,-12.1875,0.03,-0.03,-0.08,0
770,0,-0.625,-12.1875,0.06,0,-0.04,0
771,0,-0.625,-12.1875,0.02,-0.03,0,0
772,0,-0.625,-12.1875,-0.04,-0.03,-0.07,0
773,0,-0.625,-12.1875,-0.03,-0.01,0,0
774,0,-0.625,-12.1875,-0.02,-0.03,0,0
775,0,-0.625,-12.1875,0,0,0.01,0
776,0,-0.625,-12.1875,0.03,0.01,0.02,0
777,0,-0.625,-12.1875,0.01,-0.01,-0.05,0
778,0,-0.625,-12.1875,0,0,-0.01,0
779,0,-0.625,-12.1875,-0.02,-0.02,-0.01,0
780,0,-0.625,-12.1875,-0.04,-0.03,-0.02,0
781,0,-0.625,-12.1875,-0.03,0,0.04,0
782,0,-0.625,-12.1875,-0.01,0,-0.03,0
783,0,-0.625,-12.1875,0.03,0.01,-0.02,0
784,0,-0.625,-12.1875,0.02,-0.03,-0.05,0
785,0,-0.625,-12.1875,-0.02,-0.01,-0.01,0
786,0,-0.625,-12.1875,-0.05,-0.01,-0.05,0
787,0,-0.625,-12.1875,-0.04,-0.01,0,0
788,0,-0.625,-12.1875,0,-0.03,-0.04,0
789,0,-0.625,-12.1875,0.02,0,0.02,0
790,0,-0.625,-12.1875,0.03,-0.01,-0.01,0
791,0,-0.625,-12.1875,-0.01,-0.02,-0.02,0
792,0,-0.625,-12.1875,-0.01,-0.02,0.01,0
793,0,-0.625,-12.1875,-0.04,-0.03,0,0
794,0,-0.625,-12.1875,-0.02,-0.02,-0.01,0
795,0,-0.625,-12.1875,-0.01,-0.02,-0.01,0
796,0,-0.625,-12.1875,0.01,0,-0.02,0
797,0,-0.625,-12.1875,0.01,-0.01,0.01,0
798,0,-0.625,-12.1875,0,-0.03,-0.01,0
799,0,-0.625,-12.1875,-0.04,-0.03,-0.07,0
800,0,-0.625,-12.1875,-0.04,0.01,-0.05,0
801,0,-0.625,-12.1875,-0.06,0,0.07,0
802,0,-0.625,-12.1875,0.04,0.06,0.13,0
803,0,-0.625,-12.1875,0.05,0.03,0.11,0
804,0,-0.625,-12.1875,-0.01,-0.02,0.04,0
805,0,-0.625,-12.1875,-0.05,-0.05,-0.15,0
806,0,-0.625,-12.1875,0,0,-0.06,0
807,0,-0.625,-12.1875,0.01,-0.04,0.02,0
808,0,-0.625,-12.1875,-0.05,0,0.02,0
809,0,-0.625,-12.1875,-0.02,0,0.01,0
810,0,-0.625,-12.1875,0.02,-0.04,-0.09,0
811,0,-0.625,-12.1875,0.03,-0.03,-0.03,0
812,0,-0.625,-12.1875,0.02,-0.04,0.05,0
813,0,-0.625,-12.1875,-0.02,-0.01,-0.06,0
814,0,-0.625,-12.1875,-0.02,-0.02,0,0
815,0,-0.625,-12.1875,-0.02,-0.01,-0.05,0
816,0,-0.625,-12.1875,-0.02,0.01,-0.01,0
817,0,-0.625,-12.1875,0.02,0,-0.01,0
818,0,-0.625,-12.1875,0,-0.01,-0.03,0
819,0,-0.625,-12.1875,0,-0.02,-0.01,0
820,0,-0.625,-12.1875,-0.02,-0.04,-0.03,0
821,0,-0.625,-12.1875,-0.01,-0.04,0,0
822,0,-0.625,-12.1875,-0.04,-0.02,0,0
823,0,-0.625,-12.1875,-0.01,0,0,0
824,0,-0.625,-12.1875,0,0.01,0,0
825,0,-0.625,-12.1875,0.02,-0.01,-0.03,0
826,0,-0.625,-12.1875,0,0,0.01,0
827,0,-0.625,-12.1875,-0.01,-0.02,-0.02,0
828,0,-0.625,-12.1875,-0.02,-0.01,-0.03,0
829,0,-0.625,-12.1875,-0.04,-0.02,-0.01,0
830,0,-0.625,-12.1875,-0.02,-0.02,0,0
831,0,-0.625,-12.1875,0,-0.02,-0.03,0
832,0,-0.625,-12.1875,0.02,0,0,0
833,0,-0.625,-12.1875,0.01,0,-0.03,0
834,0,-0.625,-12.1875,0,0,-0.03,0
835,0,-0.625,-12.1875,-0.01,0,0,0
836,0,-0.625,-12.1875,-0.02,-0.03,-0.04,0
837,0,-0.625,-12.1875,0,-0.03,0,0
838,0,-0.625,-12.1875,0.01,0,0,0
839,0,-0.625,-12.1875,0.02,0,-0.03,0
840,0,-0.625,-12.1875,0,0,-0.01,0
841,0,-0.625,-12.1875,-0.01,0.01,-0.02,0
842,0,-0.625,-12.1875,-0.02,0,-0.02,0
843,0,-0.625,-12.1875,-0.01,-0.02,0,0
844,0,-0.625,-12.1875,-0.04,0,0.02,0
845,0,-0.625,-12.1875,0,-0.03,-0.03,0
846,0,-0.625,-12.1875,0,-0.01,-0.02,0
847,0,-0.625,-12.1875,0,0,0,0
848,0,-0.625,-12.1875,0.01,-0.02,-0.01,0
849,0,-0.625,-12.1875,-0.03,0,0,0
850,0,-0.625,-12.1875,-0.04,-0.03,-0.02,0
851,0,-0.625,-12.1875,-0.01,0,0.01,0
852,0,-0.625,-12.1875,0,-0.03,-0.07,0
853,0,-0.625,-12.1875,0,-0.02,0.01,0
854,0,-0.625,-12.1875,0,-0.01,0,0
855,0,-0.625,-12.1875,0,-0.01,-0.03,0
856,0,-0.625,-12.1875,-0.01,0,0,0
857,0,-0.625,-12.1875,-0.02,0,0.04,0
858,0,-0.625,-12.1875,0,-0.01,-0.06,0
859,0,-0.625,-12.1875,0,-0.01,0,0
860,0,-0.625,-12.1875,-0.01,-0.04,0.01,0
861,0,-0.625,-12.1875,-0.01,0,-0.05,0
862,0,-0.625,-12.1875,-0.01,-0.01,0,0
863,0,-0.625,-12.1875,-0.02,0,-0.02,0
864,0,-0.625,-12.1875,0,0,0,0
865,0,-0.625,-12.1875,-0.01,0,0.03,0
866,0,-0.625,-12.1875,0,-0.03,0,0
867,0,-0.625,-12.1875,0,0,0.06,0
868,0,-0.625,-12.1875,-0.01,0.02,-0.05,0
869,0,-0.625,-12.1875,-0.03,0.01,0.03,0
870,0,-0.625,-12.1875,-0.03,-0.01,-0.01,0
871,0,-0.625,-12.1875,-0.01,-0.03,0,0
872,0,-0.625,-12.1875,0,-0.04,-0.03,0
873,0,-0.625,-12.1875,0.02,-0.03,-0.02,0
874,0,-0.625,-12.1875,-0.01,-0.03,-0.02,0
875,0,-0.625,-12.1875,-0.01,0,0,0
876,0,-0.625,-12.1875,-0.02,0,0,0
877,0,-0.625,-12.1875,-0.02,-0.01,0,0
878,0,-0.625,-12.1875,0.01,-0.01,-0.02,0
879,0,-0.625,-12.1875,0,-0.01,-0.05,0
880,0,-0.625,-12.1875,0.02,0,0,0
881,0,-0.625,-12.1875,-0.01,-0.02,0.02,0
882,0,-0.625,-12.1875,-0.01,-0.01,-0.01,0
883,0,-0.625,-12.1875,-0.03,0,-0.01,0
884,0,-0.625,-12.1875,-0.02,0,-0.03,0
885,0,-0.625,-12.1875,-0.01,-0.01,0,0
886,0,-0.625,-12.1875,0,-0.01,-0.02,0
887,0,-0.625,-12.1875,-0.01,-0.03,-0.03,0
888,0,-0.625,-12.1875,-0.01,0,0,0
889,0,-0.625,-12.1875,-0.02,0,-0.03,0
890,0,-0.625,-12.1875,-0.02,-0.01,-0.02,0
891,0,-0.625,-12.1875,0,-0.01,-0.02,0
892,0,-0.625,-12.1875,0,-0.02,-0.01,0
893,0,-0.625,-12.1875,0,0,-0.02,0
894,0,-0.625,-12.1875,-0.01,-0.02,-0.01,0
895,0,-0.625,-12.1875,-0.03,-0.03,-0.02,0
896,0,-0.625,-12.1875,-0.02,-0.02,-0.01,0
897,0,-0.625,-12.1875,0,0,0.02,0
898,0,-0.625,-12.1875,-0.02,-0.01,-0.06,0
899,0,-0.625,-12.1875,0.01,-0.02,-0.02,0
900,0,-0.625,-12.1875,0,-0.01,0,0
901,0,-0.625,-12.1875,-0.03,0,0,0
902,0,-0.625,-12.1875,-0.01,0,0,0
903,0,-0.625,-12.1875,0,-0.01,-0.02,0
904,0,-0.625,-12.1875,0,-0.01,0,0
905,0,-0.625,-12.1875,-0.01,0,-0.01,0
906,0,-0.625,-12.1875,-0.01,-0.02,-0.01,0
907,0,-0.625,-12.1875,-0.01,-0.02,-0.01,0
908,0,-0.625,-12.1875,-0.01,0,0,0
909,0,-0.625,-12.1875,0,-0.01,-0.02,0
910,0,-0.625,-12.1875,-0.01,0,0.04,0
911,0,-0.625,-12.1875,0,0.01,-0.02,0
912,0,-0.625,-12.1875,0,-0.01,-0.06,0
913,0,-0.625,-12.1875,-0.03,-0.04,-0.05,0
914,0,-0.625,-12.1875,0,-0.01,-0.01,0
915,0,-0.625,-12.1875,-0.01,0,0,0
916,0,-0.625,-12.1875,0,0,-0.03,0
917,0,-0.625,-12.1875,0,0,0.01,0
918,0,-0.625,-12.1875,-0.01,0,0,0
919,0,-0.625,-12.1875,-0.01,0,-0.01,0
920,0,-0.625,-12.1875,-0.01,0,0.02,0
921,0,-0.625,-12.1875,-0.01,-0.02,-0.02,0
922,0,-0.625,-12.1875,0,-0.01,-0.01,0
923,0,-0.625,-12.1875,0,-0.02,0,0
924,0,-0.625,-12.1875,0,-0.02,-0.02,0
925,0,-0.625,-12.1875,-0.01,-0.02,-0.03,0
926,0,-0.625,-12.1875,-0.01,0,-0.01,0
927,0,-0.625,-12.1875,0,0,0.01,0
928,0,-0.625,-12.1875,0,-0.02,-0.04,0
929,0,-0.625,-12.1875,0,-0.03,-0.02,0
930,0,-0.625,-12.1875,0,0,0,0
931,0,-0.625,-12.1875,-0.02,-0.03,-0.03,0
932,0,-0.625,-12.1875,0,-0.02,-0.04,0
933,0,-0.625,-12.1875,-0.03,-0.03,-0.01,0
934,0,-0.625,-12.1875,-0.01,0,-0.04,0
935,0,-0.625,-12.1875,0,0.03,0.06,0
936,0,-0.625,-12.1875,0.01,-0.03,-0.08,0
937,0,-0.625,-12.1875,-0.01,-0.01,0.06,0
938,0,-0.625,-12.1875,-0.01,0,-0.05,0
939,0,-0.625,-12.1875,0,0,0.01,0
940,0,-0.625,-12.1875,-0.02,-0.04,-0.05,0
941,0,-0.625,-12.1875,0.02,0,0,0
942,0,-0.625,-12.1875,-0.01,-0.01,-0.03,0
943,0,-0.625,-12.1875,-0.02,-0.01,-0.03,0
944,0,-0.625,-12.1875,-0.01,-0.01,-0.05,0
945,0,-0.625,-12.1875,-0.02,-0.03,-0.03,0
946,0,-0.625,-12.1875,-0.02,-0.02,0,0
947,0,-0.625,-12.1875,0,-0.03,-0.01,0
948,0,-0.625,-12.1875,0,-0.01,0.01,0
949,0,-0.625,-12.1875,0,0.01,0.01,0
950,0,-0.625,-12.1875,-0.03,-0.01,-0.04,0
951,0,-0.625,-12.1875,0,-0.01,0,0
952,0,-0.625,-12.1875,-0.01,-0.03,0,0
953,0,-0.625,-12.1875,0,-0.01,0,0
954,0,-0.625,-12.1875,-0.02,-0.02,0.01,0
955,0,-0.625,-12.1875,-0.01,-0.01,-0.02,0
956,0,-0.625,-12.1875,-0.01,-0.01,0.02,0
957,0,-0.625,-12.1875,0,0,-0.06,0
958,0,-0.625,-12.1875,0,-0.01,-0.01,0
959,0,-0.625,-12.1875,-0.02,-0.02,-0.03,0
960,0,-0.625,-12.1875,-0.01,-0.02,0,0
961,0,-0.625,-12.1875,0,0,-0.01,0
962,0,-0.625,-12.1875,0,-0.02,0,0
963,0,-0.625,-12.1875,0,-0.03,0,0
964,0,-0.625,-12.1875,0,-0.01,0,0
965,0,-0.625,-12.1875,0,-0.01,-0.01,0
966,0,-0.625,-12.1875,-0.01,0,-0.03,0
967,0,-0.625,-12.1875,-0.02,-0.01,0.01,0
968,0,-0.625,-12.1875,-0.01,-0.03,-0.06,0
969,0,-0.625,-12.1875,0,-0.03,-0.09,0
970,0,-0.625,-12.1875,0,-0.07,0,0
971,0,-0.625,-12.1875,0,0.04,0.07,0
972,0,-0.625,-12.1875,0,0,-0.06,0
973,0,-0.625,-12.1875,0.02,0,0.01,0
974,0,-0.625,-12.1875,0,-0.05,-0.08,0
975,0,-0.625,-12.1875,-0.04,-0.02,0.03,0
976,0,-0.625,-12.1875,0.01,-0.03,-0.08,0
977,0,-0.625,-12.1875,-0.04,0,0,0
978,0,-0.625,-12.1875,0.02,0.02,0.01,0
979,0,-0.625,-12.1875,-0.01,0,0,0
980,0,-0.625,-12.1875,0.02,-0.01,-0.02,0
981,0,-0.625,-12.1875,-0.01,-0.02,-0.01,0
982,0,-0.625,-12.1875,-0.01,-0.03,0,0
983,0,-0.625,-12.1875,0,-0.02,-0.03,0
984,0,-0.625,-12.1875,0,-0.01,0,0
985,0,-0.625,-12.1875,-0.01,-0.01,0,0
986,0,-0.625,-12.1875,0,0,-0.03,0
987,0,-0.625,-12.1875,0,0,-0.02,0
988,0,-0.625,-12.1875,0,-0.02,-0.02,0
989,0,-0.625,-12.1875,-0.02,-0.04,0.01,0
990,0,-0.625,-12.1875,-0.01,-0.03,-0.01,0
991,0,-0.625,-12.1875,-0.04,0,0,0
992,0,-0.625,-12.1875,0,0,-0.01,0
993,0,-0.625,-12.1875,0,0,-0.02,0
994,0,-0.625,-12.1875,-0.01,0,0,0
995,0,-0.625,-12.1875,-0.02,-0.02,0,0
996,0,-0.625,-12.1875,-0.03,-0.01,0,0
997,0,-0.625,-12.1875,-0.01,-0.02,-0.02,0
998,0,-0.625,-12.1875,-0.01,-0.02,-0.01,0
999,0,-0.625,-12.1875,0,0,0,0
1000,0,-0.625,-12.1875,0,0,-0.02,0
1001,0,-0.625,-12.1875,-0.01,0,-0.01,0
1002,0,-0.625,-12.1875,-0.01,-0.03,0,0
1003,0,-0.625,-12.1875,0,0,0,0
1004,0,-0.625,-12.1875,0,-0.01,-0.02,0
1005,0,-0.625,-12.1875,-0.01,-0.02,-0.01,0
1006,0,-0.625,-12.1875,-0.03,-0.32,0.55,0
1007,0,-0.625,-12.1875,0.47,-3.22,1.27,0
1008,0,-0.6875,-12.1875,-0.21,-0.26,-0.38,0
1009,359.9375,-0.6875,-12.1875,0.07,0.66,-0.09,0
1010,359.9375,-0.6875,-12.1875,-0.04,-3.12,0.7,0
1011,359.9375,-0.6875,-12.25,0.31,2.46,-0.35,0
1012,359.9375,-0.6875,-12.1875,-0.12,0.69,0.86,0
1013,359.9375,-0.6875,-12.25,-0.03,-1.07,0.21,0
1014,0,-0.6875,-12.3125,0.15,-5.1,-0.11,0
1015,0,-0.625,-12.375,0.32,-1.69,0.74,0
1016,0.0625,-0.625,-12.4375,-0.03,1.79,3.13,0
1017,0.3125,-0.5,-12.5,-0.83,-0.72,0.34,0
1018,0.3125,-0.4375,-12.5,-0.34,-1.94,0.86,0
1019,0.3125,-0.4375,-12.5,0.34,-1.25,0.31,0
1020,0.3125,-0.375,-12.4375,-0.43,-1.32,0.4,0
1021,0.375,-0.3125,-12.4375,-0.19,-2.96,0.16,0
1022,0.375,-0.3125,-12.375,0.41,-0.68,0.3,0
1023,0.4375,-0.3125,-12.375,0.7,0.31,0.73,0
1024,0.5625,-0.5,-12.375,0.51,-0.29,-0.11,0
1025,0.5625,-0.625,-12.375,0.57,0.34,-0.86,0
1026,0.5,-0.625,-12.375,-1.18,-0.9,0.46,0
1027,0.4375,-0.75,-12.375,-0.13,-0.99,1.85,0
1028,0.5,-0.5625,-12.4375,-0.06,-1.91,-1.35,0
1029,0.5,-0.4375,-12.5,-0.75,-2.18,-1.33,0
1030,0.6875,-0.25,-12.3125,-0.25,-1.44,1.42,0
1031,0.8125,-0.3125,-12.25,0.29,0.28,1.08,0
1032,0.875,-0.5625,-12.1875,-0.48,-1.96,-0.79,0
1033,0.8125,-0.625,-12.3125,-1.51,-0.55,1.07,0
1034,0.6875,-0.625,-12.5,-0.09,-0.58,0.3,0
1035,0.75,-0.4375,-12.8125,-0.27,-2.23,0.28,0
1036,0.75,-0.3125,-12.75,0.43,-1.34,-0.83,0
1037,0.875,-0.125,-12.625,1.43,-0.86,-1.31,0
1038,1.0625,-0.375,-12.4375,1.61,-2.86,-3.26,0
1039,1.1875,-0.75,-12.5,-0.01,-1.22,-0.6,0
1040,0.9375,-0.8125,-12.625,0.16,-0.33,0.81,0
1041,0.8125,-0.875,-12.8125,-1.06,-0.67,1.32,0
1042,0.8125,-0.9375,-12.875,-0.54,0.3,1.56,0
1043,0.9375,-0.6875,-12.75,0.59,0.04,-1.87,0
1044,1.0625,-0.5,-12.6875,0.55,-1.15,0.29,0
1045,1,-0.75,-12.8125,0.31,0.7,0.6,0
1046,0.875,-0.75,-12.875,-0.77,-0.13,0.35,0
1047,0.75,-0.75,-13.0625,-2.56,0.15,0.22,0
1048,0.875,-0.75,-13,0.22,-1.23,-0.31,0
1049,1,-0.5625,-12.625,1.32,0.03,-0.66,0
1050,1,-0.625,-12.625,0.24,0.78,1.63,0
1051,0.9375,-0.6875,-12.625,-1.38,1.05,2.49,0
1052,0.75,-0.5625,-12.6875,0.19,-1.2,-0.88,0
1053,0.8125,-0.3125,-12.5625,8.67,4.17,1.53,0
1054,0.5,0.0625,-12.625,4.58,4.14,-0.66,0
1055,358.75,-0.25,-12.875,0.49,2.9,-0.39,1
1056,356.8125,-0.5,-13.125,3.34,2.98,-1.63,1
1057,355.5625,-0.5625,-13.1875,1.21,1.11,-2.16,1
1058,353.1875,-0.875,-13.25,0.93,1.79,-1.19,1
1059,350.8125,-1,-13.25,-0.04,-0.21,-1.82,1
1060,349.625,-0.875,-13.3125,2.67,2.27,-1.67,1
1061,347.1875,-0.9375,-13.375,0.5,0.67,0.02,1
1062,344.625,-0.875,-13.5,0.78,2.66,1.19,1
1063,342.0625,-0.9375,-13.6875,0.53,-0.04,-1.13,1
1064,339.8125,-0.9375,-13.75,1.24,-0.71,-1.26,1
1065,337.4375,-0.9375,-13.75,1.36,-1.84,-0.82,1
1066,335.1875,-0.9375,-13.75,0.56,-2.07,0.25,1
1067,332.9375,-0.9375,-13.8125,-0.59,-1.28,0.36,1
1068,330.4375,-1.125,-13.875,1.74,1.27,3.67,1
1069,328.125,-1.125,-14,-0.03,0.39,-0.43,1
1070,325.75,-1.1875,-14.125,1.13,0.36,0.28,1
1071,324.625,-1.125,-14.125,1.05,0.68,0.31,1
1072,322.375,-1.125,-14.125,0.29,0.84,-0.64,1
1073,320.3125,-1.125,-14.0625,0.74,0.52,-2.06,1
1074,318.375,-1.3125,-14.0625,1.52,0.12,-1.3,1
1075,316.4375,-1.5,-14,-1.05,0.53,0.73,1
1076,314.6875,-1.75,-14.125,1.15,-0.62,0.02,1
1077,312.8125,-1.8125,-14.25,0.88,-0.55,-0.04,1
1078,311.9375,-1.9375,-14.375,0.49,0.89,-1.36,1
1079,310.25,-2.125,-14.5625,-3.3,-0.25,1.64,1
1080,308.75,-1.875,-14.625,-0.47,-0.56,0.47,1
1081,307.375,-1.75,-14.625,-1.22,1.31,-0.57,1
1082,305.9375,-1.625,-14.5625,0.77,0.57,-2.42,1
1083,304.375,-1.5625,-14.5625,1.49,-0.64,-0.88,1
1084,303.0625,-1.4375,-14.5,1.97,-1.41,-0.55,1
1085,301.5625,-1.625,-14.5625,-0.31,-2.43,-0.05,1
1086,300.875,-1.6875,-14.625,1.28,1.6,-0.53,1
1087,299.5,-1.8125,-14.75,-0.57,-0.83,0.9,1
1088,298.1875,-1.875,-14.875,2,-1.74,-0.24,1
1089,296.875,-2,-14.9375,-0.27,0.3,0.49,1
1090,296.3125,-1.9375,-14.9375,0.13,0.89,1.35,1
1091,295,-2,-15.125,-0.98,0.02,0.76,1
1092,293.8125,-2.0625,-15.25,0.98,0.47,0.77,1
1093,293.25,-2.125,-15.3125,-2.49,-1.14,1.79,1
1094,292.125,-2.25,-15.3125,-3.14,0.94,-0.11,1
1095,291.0625,-2.1875,-15.375,-0.89,4.78,-4.01,1
1096,290.5,-2.125,-15.375,2.16,0.27,-2.58,1
1097,290.125,-1.625,-15.1875,1.03,2.17,-2.31,1
1098,289.875,-1.75,-15.1875,-1.09,0.47,0.6,1
1099,289.8125,-1.6875,-15.1875,0.78,-1.99,1.03,1
1100,289.625,-1.5,-15.125,0.22,-0.2,0.26,1
1101,289,-1.4375,-15.125,0.7,-1.11,1.45,1
1102,288.4375,-1.375,-15.0625,0.91,0.15,1.9,1
1103,288.1875,-1.6875,-15.1875,0.15,-0.88,-0.67,1
1104,287.875,-1.9375,-15.1875,1.94,-1.97,1.22,1
1105,287.375,-1.9375,-15.25,-0.07,-0.38,0.34,1
1106,286.75,-1.8125,-15.1875,1.17,-0.28,-0.09,1
1107,285.4375,-1.6875,-15.125,0.31,-2.38,-0.71,1
1108,284.5,-1.625,-15.1875,-0.04,-0.94,-2.51,1
1109,282.625,-1.9375,-15.5,2.54,0.2,2.25,1
1110,281.4375,-2.1875,-15.75,-0.56,1.4,2.64,1
1111,280.6875,-2.125,-15.8125,1.56,-0.2,1.76,1
1112,280,-2.0625,-15.875,0.79,1.71,0.63,1
1113,279.4375,-2.0625,-15.875,0.08,0.44,-0.58,1
1114,279,-2.0625,-15.9375,-0.06,2.1,0.74,1
1115,278.5,-2.1875,-15.8125,0.72,1.13,1.41,1
1116,278.125,-2.1875,-15.875,0.08,-0.11,-0.48,1
1117,277.9375,-2.125,-15.8125,-0.65,-0.39,0.72,1
1118,277.625,-2.0625,-15.875,0.48,-0.38,-1.44,1
1119,277.375,-2.0625,-15.8125,-0.07,-0.75,0.37,1
1120,277.125,-2.0625,-15.8125,0.66,0.17,-0.02,1
1121,276.875,-2.0625,-15.8125,-0.2,-0.29,0.41,1
1122,276.75,-2.0625,-15.8125,0.17,0.86,-0.36,1
1123,276.5,-2.0625,-15.875,0.31,-0.79,0.55,1
1124,276.25,-2.125,-15.9375,-0.36,0.58,0.41,1
1125,276,-2.125,-15.9375,0.54,0.03,-0.12,1
1126,275.625,-2.125,-16,-0.03,-1.01,-0.21,1
1127,275.375,-2.0625,-16.0625,0.47,-1.03,-1.23,1
1128,275.125,-2.0625,-16.0625,0.08,-0.33,-0.34,1
1129,274.6875,-2.125,-16.25,-0.33,-0.46,-0.34,1
1130,274.375,-2.0625,-16.25,0.91,0.58,1.1,1
1131,274.125,-2,-16.1875,0.3,0.41,-0.66,1
1132,273.9375,-1.9375,-16.125,-0.05,-2.18,0.25,0
1133,273.625,-1.9375,-16.0625,0.77,-2.47,0.82,0
1134,273.375,-2,-16.125,0.32,-2.69,-1.25,0
1135,273.25,-2.0625,-16.125,-1.28,-1.13,-0.7,0
1136,273.0625,-2.125,-16.1875,0.1,-2.76,0.44,0
1137,272.875,-2.125,-16.1875,0.28,-0.35,0.75,0
1138,272.6875,-2.0625,-16.25,-0.16,-2.58,0.52,0
1139,272.5625,-1.8125,-16.3125,0.68,-1.04,0.64,0
1140,272.4375,-1.6875,-16.25,-0.6,-1.13,0.3,0
1141,272.375,-1.625,-16.1875,0.3,-1.27,-0.52,0
1142,272.25,-1.5625,-16.1875,-0.34,-0.73,-0.22,0
1143,272.1875,-1.6875,-16.125,0.25,-1.67,0.1,0
1144,272.125,-1.75,-16.1875,0.35,-0.88,0.77,0
1145,271.9375,-1.9375,-15.9375,-0.2,-0.4,0.35,0
1146,271.8125,-2,-16,-0.11,0.36,1.73,0
1147,271.75,-2,-16.0625,-0.38,0.36,1,0
1148,271.625,-1.75,-16.0625,2.31,-0.91,0.61,0
1149,271.5,-1.4375,-16.125,1.33,0.12,0.74,0
1150,271.3125,-1.375,-16.0625,0.24,-1.28,-3.34,0
1151,270.6875,-1.3125,-16.125,1.5,-0.43,0.02,0
1152,269.3125,-1.375,-16.125,0.43,6.99,0.13,0
1153,268.1875,-1.5,-16.1875,1.19,1.77,-0.35,1
1154,267.0625,-1.6875,-16.3125,0.28,1.07,2.35,1
1155,266.4375,-1.6875,-16.3125,-0.14,0.63,0.44,1
1156,265.1875,-1.4375,-16.3125,-0.82,0.55,0.75,1
1157,264,-1.3125,-16.375,-0.37,2.2,0.42,1
1158,263.5,-1.3125,-16.375,1.2,0.28,-1.53,1
1159,262.4375,-1.3125,-16.4375,-0.4,-0.92,-0.82,1
1160,261.4375,-1.25,-16.5,0.89,1.91,0.26,1
1161,260.9375,-1.25,-16.5,0.09,0.76,1.05,1
1162,260.0625,-1.125,-16.5,1.08,-1.09,0.62,1
1163,259.0625,-1,-16.5,0.52,0.28,1.1,1
1164,258.5625,-0.9375,-16.5,1.58,-2.99,-1.14,1
1165,257,-1.0625,-16.5625,0.47,-1.33,0.01,1
1166,256.375,-1,-16.5625,-0.65,-2.21,1.24,1
1167,255.125,-1.125,-16.625,0.83,-1.04,0.89,1
1168,253.8125,-1.0625,-16.75,1.17,-2.07,-0.41,1
1169,252.4375,-1,-16.8125,2.66,-4.1,1.5,1
1170,251,-0.875,-16.9375,-0.97,1.1,2.23,1
1171,249.625,-0.75,-17,-0.68,0,0.08,1
1172,248.3125,-0.625,-17,-0.95,2.3,0.72,1
1173,247.0625,-0.75,-17,0.42,0.38,-0.29,1
1174,245.8125,-0.625,-17,0.45,-0.07,-1.46,1
1175,245.25,-0.625,-17,0.84,-0.42,1.2,1
1176,244.0625,-0.5625,-17,1.01,0.28,2.41,1
1177,242.8125,-0.3125,-17,0.94,-0.06,-0.09,1
1178,241.4375,-0.25,-17,1.49,1,-1.42,1
1179,240.0625,-0.4375,-17.0625,-1.26,-3.43,-0.04,1
1180,239.4375,-0.5,-17.0625,3.66,0.88,-0.56,1
1181,237.1875,-0.3125,-17.25,1.4,-3.39,-1.26,1
1182,236.5,-0.3125,-17.3125,-0.24,-0.89,-1.27,1
1183,235.0625,-0.125,-17.375,-0.55,-2.56,-1.13,1
1184,233.75,-0.0625,-17.5,-0.32,-0.85,-0.99,1
1185,232.5,-0.125,-17.5,0.17,0,-0.56,1
1186,231.25,-0.25,-17.5,-0.95,-0.24,0.75,1
1187,230.0625,-0.0625,-17.4375,1.07,0.01,-0.9,1
1188,229.5,-0.0625,-17.4375,-0.16,-1.62,0.46,1
1189,228.5,0,-17.4375,-1.05,-0.39,-0.61,1
1190,227.5625,0,-17.375,0.45,-1.17,-1.63,1
1191,226.6875,-0.125,-17.3125,-0.41,1.3,0.14,1
1192,225.8125,-0.1875,-17.375,-1.01,-0.5,0.77,1
1193,225.375,-0.125,-17.375,-1.97,0.1,1.29,1
1194,224.625,-0.1875,-17.4375,-0.14,0.55,0.23,1
1195,223.9375,-0.1875,-17.4375,-0.46,-1.38,0.14,1
1196,223.25,-0.125,-17.4375,-0.03,-0.82,0.08,1
1197,222.875,-0.125,-17.4375,0.15,-0.4,0.54,1
1198,222.125,-0.0625,-17.5,2.02,-2.38,-0.06,1
1199,221.4375,-0.125,-17.5625,-0.81,-1.74,1.08,1
1200,221,-0.125,-17.5625,1.1,-1.81,-0.57,1
1201,219.3125,-0.125,-17.75,-2.48,1.52,0.43,1
1202,218.1875,-0.125,-17.8125,1.23,-1.84,-0.26,1
1203,217.125,-0.0625,-17.8125,0.21,-0.44,1.11,1
1204,216.125,0.25,-17.75,0.62,-1.39,-0.38,1
1205,215,0.375,-17.6875,-1.17,-0.54,0.13,1
1206,214.3125,0.5,-17.625,-0.76,-0.55,0.35,1
1207,212.5,0.375,-17.6875,0.66,-1.5,0.32,1
1208,210.5,0.375,-17.625,-0.49,-1.7,0.43,1
1209,207.875,0.5625,-17.625,-2.16,1.6,-0.7,1
1210,207.125,0.4375,-17.625,-0.72,-0.48,-0.84,1
1211,206.5625,0.375,-17.625,-1.64,-0.42,1.87,1
1212,205.5,0.5625,-17.5625,-0.36,0.19,-0.48,1
1213,204.8125,0.625,-17.625,0.21,0.04,1.02,1
1214,204.5,0.5625,-17.6875,-1.33,-0.7,1.06,1
1215,203.6875,0.5,-17.6875,0.11,-0.81,-0.39,1
1216,202.9375,0.4375,-17.75,-0.4,-0.83,0.22,1
1217,202.5625,0.375,-17.8125,-0.64,-0.96,0.71,1
1218,201.75,0.4375,-17.8125,0.08,-1.03,0.38,1
1219,200.9375,0.4375,-17.875,-1.66,-0.28,0.46,1
1220,200.5625,0.4375,-17.875,0.89,-0.56,0.77,1
1221,199.6875,0.5,-17.875,-1.52,-1.28,-1.22,1
1222,198.8125,0.5625,-17.9375,1,-0.17,1.19,1
1223,197.875,0.8125,-17.875,-1.97,-0.23,0.02,1
1224,197.125,0.75,-17.75,-0.18,-0.46,0.3,1
1225,196.8125,0.8125,-17.6875,-1.27,-2.01,0.45,1
1226,195.6875,0.8125,-17.625,0.25,0.26,0.58,1
1227,195.375,0.8125,-17.625,-1.08,-0.42,1.67,1
1228,194.625,0.6875,-17.6875,-0.19,-2.34,-0.75,1
1229,193.9375,0.75,-17.5625,-0.18,-1.41,-0.07,1
1230,193.125,0.9375,-17.5625,0.72,0.59,0.82,1
1231,192.8125,1,-17.5625,-0.94,-0.72,0.54,1
1232,192.0625,1.0625,-17.5,0.47,-2.76,1.7,1
1233,191.25,1,-17.5625,-2.49,-1.14,1.41,1
1234,190.875,1,-17.625,-1.05,-2.68,0.21,1
1235,190.0625,1,-17.6875,-0.13,0.36,0.34,1
1236,189.3125,1,-17.8125,-0.35,-0.32,1.47,1
1237,188.9375,1,-17.875,0.04,-1.36,0.22,1
1238,188.25,1.0625,-17.875,-0.06,-0.68,1.24,1
1239,187.5625,1.125,-17.875,-0.92,-1.08,-0.41,1
1240,187.25,1.125,-17.875,-0.81,-1.27,-0.07,1
1241,186.6875,1.3125,-17.8125,0.09,-2.38,1.29,1
1242,186.1875,1.375,-17.8125,0.04,-0.93,-1.21,1
1243,185.6875,1.375,-17.8125,-0.12,-0.2,-1.21,1
1244,185.1875,1.3125,-17.875,-0.13,-1.25,-0.48,1
1245,184.75,1.25,-17.875,-0.94,-3.04,0.95,1
1246,184.3125,1.25,-17.9375,-0.15,-2.25,0.05,1
1247,183.875,1.3125,-18,-0.46,-1.71,0.52,1
1248,183.75,1.375,-18,-1.53,-0.63,0.38,1
1249,183.375,1.5,-18.125,-0.62,-1.71,0.64,1
1250,183.125,1.5625,-18.125,-0.32,-0.47,-0.22,1
1251,183,1.6875,-18.125,0.32,-0.38,0.22,1
1252,182.75,1.8125,-18.0625,-0.34,-1.04,-0.24,1
1253,182.5,1.8125,-18,-0.33,-0.35,0.58,1
1254,182.4375,1.8125,-17.9375,-0.17,-2.46,0.73,1
1255,182.25,1.75,-17.9375,-0.47,-1.16,-0.25,1
1256,182,1.5625,-17.9375,-0.58,-2.05,1.18,1
1257,181.8125,1.5625,-17.9375,-0.83,-1.17,0.31,0
1258,181.5625,1.625,-18,-0.9,-1.71,0.76,0
1259,181.25,1.8125,-18.0625,-0.97,-1.5,0.36,0
1260,181.125,2,-18.125,0.99,-0.23,0.14,0
1261,181.125,2.25,-18,0.7,-1.66,-2.17,0
1262,181.0625,2.25,-18,-1.01,-0.8,1.16,0
1263,181,2.125,-17.8125,-0.28,-0.57,1.19,0
1264,180.875,2,-17.75,-1.47,-3.04,-0.9,0
1265,180.5625,1.9375,-17.75,-1.24,-2.15,-0.78,0
1266,180.375,2.125,-17.9375,-1.55,-1.27,-0.14,0
1267,180.3125,2.375,-18,-1.01,-2.11,1.16,0
1268,180.375,2.4375,-17.9375,0.7,-1.81,-0.56,0
1269,180.6875,2.5,-17.75,-0.4,-1.96,0.01,0
1270,180.625,2.3125,-17.75,-0.32,0.06,1.08,0
1271,180.5,2.25,-17.875,-0.93,-1.27,-0.75,0
1272,180.375,2.25,-18,-1.03,-2.39,0.61,0
1273,180.375,2.25,-18.0625,-0.68,-1.51,0.44,0
1274,180.5625,2.3125,-17.875,2.15,-1.84,-1.13,0
1275,180.625,2.5625,-17.625,-2.58,-0.42,2.85,0
1276,180.5,2.25,-17.75,-2.53,-0.77,1.6,0
1277,180.4375,2.25,-17.875,-0.84,0.09,0.45,0
1278,180.4375,2.25,-18.0625,-1.8,-3.3,0.34,0
1279,180.5625,2.0625,-18,-1,-0.41,0.22,0
1280,180.625,2.375,-17.8125,2.35,-1.8,-2.53,0
1281,180.5,2.1875,-17.9375,-1.79,-1.52,0.78,0
1282,180.4375,2.1875,-17.9375,-0.8,-1.01,0.28,0
1283,180.4375,2.3125,-17.9375,-0.47,-2.64,-1.48,0
1284,180.5,2.25,-17.6875,0.09,-0.39,3.54,0
1285,180.5625,2.125,-17.625,-2,-2.18,1.11,0
1286,180.4375,2,-17.625,-0.52,-1.3,-0.83,0
1287,180.4375,2.125,-17.6875,-0.48,-2.26,0.91,0
1288,180.5625,2.125,-17.5625,0.4,-1.17,-0.86,0
1289,180.75,2.125,-17.4375,-1.29,-0.53,1.53,0
1290,180.75,1.9375,-17.4375,-1.64,-1.31,0.97,0
1291,180.625,2,-17.375,-1.34,-2.64,-1.39,0
1292,180.5625,2.1875,-17.4375,-0.09,-0.76,0.63,0
1293,180.75,2.25,-17.4375,-1.61,-0.5,1.33,0
1294,180.75,1.8125,-17.4375,-1.51,1.95,0.88,0
1295,180.625,1.875,-17.4375,-0.44,-0.75,-0.56,0
1296,180.625,1.9375,-17.5,0.69,-0.21,1.89,0
1297,180.8125,2.0625,-17.4375,1.52,0.4,-1.74,0
1298,180.75,1.9375,-17.125,-2.05,-1.27,1.91,0
1299,180.6875,1.5625,-17.1875,1,-1.06,-0.36,0
1300,180.625,1.875,-17.3125,7.51,1.75,-1.01,0
1301,179.25,2.1875,-17.375,1.85,0.44,-2.78,0
1302,176.125,2,-17.75,3.35,4.53,-0.44,1
1303,173.5,2.25,-17.875,-1.72,-0.28,1.27,1
1304,169.4375,1.875,-17.625,1.61,-2.62,-3.94,1
1305,165.5625,2.3125,-17.5,-0.3,-0.29,-0.28,1
1306,161.5625,2.875,-17.75,0.23,0.83,-0.47,1
1307,156.625,2.875,-17.5,-3.26,2.62,2.22,1
1308,151.25,3.125,-17.125,-2.13,-1.94,4.56,1
1309,145.3125,3.5625,-16.8125,-2.11,5.12,-0.65,1
1310,140.9375,3.25,-16.6875,-0.19,-0.83,-1.16,1
1311,140,3.125,-16.5,-0.15,0.36,0.68,1
1312,138.125,3.0625,-16.3125,-1.28,0.09,1.08,1
1313,136.1875,3.0625,-16.1875,-0.36,-1.36,-0.89,1
1314,135.25,3.1875,-16.0625,-2.44,-1.47,-0.88,1
1315,132.4375,3.25,-16,-1.97,0.63,0.9,1
1316,131.5,3.25,-16.0625,1.16,0.18,-0.2,1
1317,129.875,3.3125,-16.0625,-1.53,-0.51,-1.15,1
1318,128.5,3.375,-16.0625,-1.2,1.23,0.45,1
1319,127.6875,3.3125,-16.0625,1.65,0.03,-1.54,1
1320,126.3125,3.4375,-15.9375,-0.33,0.05,0.04,1
1321,124.9375,3.4375,-15.8125,-1.05,-0.24,0.15,1
1322,123.625,3.5,-15.6875,1.04,-0.68,-1.02,1
1323,122.875,3.5,-15.625,0.2,0.52,-0.33,1
1324,121.5,3.3125,-15.5625,0.02,0.45,0.73,1
1325,120.0625,3.1875,-15.5,-1.24,-1.03,0.28,1
1326,119.375,3.1875,-15.5,-0.48,0.24,0.49,1
1327,117.8125,3.25,-15.4375,-1,0.29,0.64,1
1328,116.3125,3.3125,-15.3125,0.57,-1.53,-1.29,1
1329,115.5625,3.375,-15.3125,-0.3,-1.13,-0.72,1
1330,114.0625,3.375,-15.375,-0.73,-1.62,-0.13,1
1331,112.6875,3.3125,-15.375,-0.19,-0.01,-0.57,1
1332,112.0625,3.3125,-15.3125,-2.06,-1.02,2.5,1
1333,110.6875,3.25,-15.25,-0.64,-0.44,0.15,1
1334,109.3125,3.3125,-15.25,1.12,3.76,-0.29,1
1335,107.9375,3.4375,-15.1875,-0.6,-4.12,-1.59,1
1336,106.75,3.375,-14.9375,-0.02,-3.45,0.05,1
1337,105.625,3.1875,-14.8125,2.76,2.18,1.8,1
1338,104.375,3.1875,-14.6875,-0.88,-0.61,0.32,1
1339,103.3125,3.125,-14.6875,-1.25,0.94,1.27,1
1340,102.6875,3.0625,-14.6875,0.6,-1.84,-0.44,1
1341,101.75,3.0625,-14.5625,-0.93,-0.82,-0.46,1
1342,100.75,3.1875,-14.5625,-0.17,0.48,0.47,1
1343,100.3125,3.25,-14.5625,-0.88,-0.44,-0.78,1
1344,99.5,3.25,-14.5625,-0.2,0.14,1.36,1
1345,98.8125,3.25,-14.5625,-1.39,-0.57,-0.62,1
1346,98.5,3.1875,-14.5,-1.29,0.7,0.54,1
1347,97.875,3.0625,-14.375,-0.5,0.65,0.49,1
1348,97.25,3.0625,-14.25,-0.98,-1.85,0.81,1
1349,96.9375,3.0625,-14.25,0.16,-1.94,1.64,1
1350,96.4375,3,-14.125,-0.87,-0.46,0.17,1
1351,95.9375,2.875,-14.125,-1.56,-0.55,1.2,1
1352,95.375,2.875,-14,-0.71,0.72,-0.19,1
1353,94.875,2.875,-14,-1.72,-1.13,-0.16,1
1354,94.4375,3,-14,-0.59,-1.3,-1.61,1
1355,94,3.0625,-14.0625,-0.28,-0.12,-0.3,1
1356,93.625,3,-14.1875,0.14,-0.15,0.76,1
1357,93.4375,3,-14.1875,-1.39,-1.6,-0.13,1
1358,93,2.9375,-14.1875,-0.01,0.55,0.6,1
1359,92.9375,3,-14.1875,-1.36,-1.91,0.63,1
1360,92.75,3.0625,-14,-0.52,-1.9,-0.84,1
1361,92.5,3,-13.9375,-1.21,-0.55,1.39,1
1362,92.3125,2.8125,-14,-0.65,0.46,0.82,0
1363,92.0625,2.6875,-14,-1.12,-0.53,1.18,0
1364,91.8125,2.75,-14,-0.87,-0.32,0.53,0
1365,91.6875,2.75,-14.0625,-0.64,-0.29,0.62,0
1366,91.5625,3,-14.1875,-0.59,-1.3,-0.22,0
1367,91.375,3.1875,-14.1875,-0.66,-0.91,0.49,0
1368,91.25,3.25,-14.125,-0.37,0.53,-1.06,0
1369,91.125,3.1875,-14,0.06,-1.01,0.66,0
1370,91.0625,3.0625,-14,-0.4,-1.2,0.67,0
1371,90.9375,2.8125,-13.9375,-0.82,-0.93,-0.76,0
1372,90.75,2.6875,-13.875,-0.43,-3.65,-2.28,0
1373,90.625,2.6875,-13.875,-0.88,1.86,4.59,0
1374,90.5,2.9375,-13.9375,0.76,3.62,3.82,0
1375,90.5,3.0625,-13.875,2.01,-0.21,-1.21,0
1376,90.3125,3.375,-13.875,-0.46,-0.34,-1.52,0
1377,89.8125,3.5,-13.9375,0.67,2.99,0,0
1378,88.9375,3.3125,-14,0.86,1.92,0.22,0
1379,88.375,3.125,-14,-0.29,0.13,1.56,1
1380,87.1875,2.875,-14,-0.7,-1.5,-0.39,1
1381,85.875,2.875,-14.0625,-0.91,1.52,0.43,1
1382,84.4375,3.125,-14.0625,-0.84,1.12,-0.18,1
1383,83,3.1875,-14,0.31,0.67,0.18,1
1384,81.5,3.1875,-13.9375,-0.1,-0.02,1.22,1
1385,80.0625,3.1875,-13.875,1.08,1.05,0.73,1
1386,78.6875,3.125,-13.8125,0.72,-2.55,-0.02,1
1387,77.9375,3.0625,-13.75,0.14,-0.96,-2.53,1
1388,76.25,3,-13.75,-0.24,-1.33,-1.64,1
1389,74.5,2.9375,-13.6875,-0.1,-0.13,-0.52,1
1390,72.75,2.9375,-13.625,0.07,-0.42,-1.39,1
1391,71,2.9375,-13.6875,0.93,-0.94,-0.28,1
1392,70.125,3.0625,-13.625,-0.36,0.98,2.26,1
1393,68.3125,3.0625,-13.5,1.5,2.82,-0.84,1
1394,66.5625,2.9375,-13.375,-0.26,1.02,1.21,1
1395,65,2.875,-13.1875,0.04,-0.06,-0.49,1
1396,63.375,2.75,-13.125,0.77,0.51,0.12,1
1397,61.75,2.9375,-13.0625,-0.16,4.96,3.83,1
1398,60.8125,2.75,-13,-1.8,-0.36,-0.61,1
1399,59.1875,2.625,-12.9375,1.96,4.41,0.74,1
1400,57.6875,2.5,-12.9375,-0.28,-2.56,-0.84,1
1401,54.8125,2.1875,-12.9375,-0.65,2.41,-0.1,1
1402,53.5,2.375,-12.8125,-0.46,-2.43,0.65,1
1403,51.25,2.3125,-12.625,0.13,0.89,-0.95,1
1404,49.25,2.3125,-12.4375,-1.24,-0.06,-1.07,1
1405,47.25,2,-12.4375,-0.7,0.43,0.9,1
1406,44.625,1.625,-12.3125,-0.29,-0.64,0.42,1
1407,41.3125,1.3125,-12.5,-1.71,3.22,-3.33,1
1408,39,1.3125,-12.5,0.03,0.04,0.47,1
1409,36,1.375,-12.4375,1.89,1.71,-2.09,1
1410,35.5,1.25,-12.25,1.23,-1.06,1.11,1
1411,34.5625,1.3125,-12.25,-2.19,-0.74,1.29,1
1412,33.5625,1.1875,-12.1875,0.53,1.02,-0.74,1
1413,33.0625,1.1875,-12.1875,-0.98,0.8,-0.34,1
1414,32,1.125,-12.125,0.06,-0.08,-1.2,1
1415,30.875,1.1875,-12.125,0.34,-1.13,-0.2,1
1416,30.25,1.1875,-12.0625,0.16,0.11,-1.22,1
1417,29,1.0625,-12.0625,0.03,0.2,-0.24,1
1418,27.75,0.9375,-12.125,-0.94,0.17,-1.3,1
1419,27.1875,0.875,-12.125,0.43,2.09,0.61,1
1420,25.9375,0.6875,-12.1875,1.83,-0.75,-0.58,1
1421,24.75,0.5,-12.3125,-0.75,0.59,0.01,1
1422,24.125,0.375,-12.3125,1.68,0.66,-1.28,1
1423,23,0.375,-12.3125,0.1,-0.86,-0.26,1
1424,21.8125,0.3125,-12.25,-0.16,0.32,0.77,1
1425,20.6875,0.3125,-12.1875,0.2,2.36,0.59,1
1426,19.125,0.3125,-12.125,-3.65,-2.24,1.72,1
1427,18.625,0.375,-12.125,1.48,4.83,1.07,1
1428,17.875,0.5625,-12.0625,-1.74,-0.79,0.74,1
1429,17.1875,0.3125,-12,-0.73,-0.01,0.26,1
1430,16.8125,0.375,-11.9375,-1.71,-2.39,-1.25,1
1431,16.125,0.25,-11.875,2.59,2.03,-1.74,1
1432,15.5,0.3125,-11.9375,-2.02,-0.4,1.21,1
1433,15.125,0.3125,-11.875,-0.36,0.49,-0.2,1
1434,14.375,0.3125,-11.875,-0.73,0,0.66,1
1435,13.5625,0.1875,-11.875,0.2,-0.68,0.51,1
1436,12.75,0.1875,-11.9375,-0.25,0.36,-0.58,1
1437,12.375,0.125,-11.9375,0.65,-1.36,-0.94,1
1438,11.4375,0.0625,-11.9375,-0.21,-0.81,-0.81,1
1439,10.625,0.0625,-12,0.23,-0.32,0.63,1
1440,10.1875,0.0625,-12,-0.17,-1.25,-0.61,1
1441,9.4375,0,-12.0625,0.55,-0.42,1.07,1
1442,8.8125,0,-11.9375,-0.11,1.68,0.45,1
1443,7.875,0,-11.6875,1.3,-0.33,-2.01,1
1444,7.625,0,-11.75,0.28,0.3,1.96,1
1445,7.125,0,-11.6875,-1.68,-1.81,-1.16,1
1446,6.6875,-0.0625,-11.6875,1.2,0.06,0.83,1
1447,6.375,-0.0625,-11.6875,0.77,2.56,0.16,1
1448,5.9375,-0.125,-11.75,-0.16,0.03,-0.04,1
1449,5.4375,-0.25,-11.75,-0.24,2.08,0.2,1
1450,5.0625,-0.1875,-11.8125,0,-0.34,-0.98,1
1451,4.875,-0.25,-11.8125,-0.04,0.37,0.29,1
1452,4.5,-0.25,-11.875,0.31,0.12,-0.31,1
1453,4.1875,-0.25,-11.9375,0.05,0.24,0.03,1
1454,3.9375,-0.3125,-11.9375,0.18,-0.83,-0.45,1
1455,3.8125,-0.3125,-12,0.68,-0.88,-1.11,1
1456,3.625,-0.25,-12,-1.09,2.05,0.57,1
1457,3.5,-0.1875,-11.9375,1.16,0.53,-0.51,1
1458,3.3125,-0.125,-11.875,-0.25,0.33,-0.75,1
1459,3.1875,0,-11.8125,-0.2,0.31,-0.26,1
1460,3.125,0,-11.75,0.53,-0.29,0.11,1
1461,3,-0.0625,-11.8125,0.28,-1.17,-1.25,1
1462,2.875,-0.125,-11.8125,-0.24,0.35,0.42,1
1463,2.6875,-0.1875,-11.8125,0.69,-1.8,-0.31,1
1464,2.625,-0.25,-11.875,0.49,-0.45,0.12,1
1465,2.4375,-0.25,-11.875,0.14,-0.88,-0.93,1
1466,2.25,-0.3125,-11.9375,-0.13,0.71,0.38,1
1467,2.1875,-0.25,-11.9375,-0.21,-1.34,-0.22,1
1468,2,-0.25,-12,0.79,0.01,1.03,1
1469,1.875,-0.1875,-12.125,0.71,0.28,0.53,1
1470,1.75,-0.125,-12.0625,-0.56,0.55,1.73,1
1471,1.6875,0,-12.0625,0.26,0.11,0.65,1
1472,1.625,0,-11.9375,-0.67,-1.21,-0.43,1
1473,1.5625,0,-11.875,0.75,0.53,-0.76,1
1474,1.5,0,-11.875,-1.08,0.6,1.3,1
1475,1.4375,-0.0625,-11.8125,-0.9,-2.75,1.95,1
1476,1.3125,-0.1875,-11.8125,-0.31,-0.17,0.69,0
1477,1.0625,-0.25,-11.8125,-0.42,-0.35,2.45,0
1478,1,-0.1875,-11.9375,-0.75,2.76,0.2,0
1479,1,-0.1875,-11.9375,0.88,-0.09,-2.23,0
1480,0.9375,0,-11.875,-0.6,-2.38,0.41,0
1481,0.875,0.125,-11.8125,0.3,-0.55,1.05,0
1482,0.9375,0.1875,-11.8125,0.7,-0.12,-0.74,0
1483,0.9375,0.1875,-11.875,0.69,-0.67,0.51,0
1484,0.9375,0,-11.9375,-0.7,-0.6,0.26,0
1485,0.9375,-0.1875,-12,0.18,-0.18,0.08,0
1486,0.875,-0.25,-12.0625,3.1,7.56,1.39,0
1487,1,-0.4375,-12.4375,1.27,3.99,-0.66,0
1488,1.125,-0.625,-12.625,0.96,0.62,-0.59,0
1489,1.0625,-0.5625,-12.375,-2.97,-2.55,1.84,0
1490,1.0625,-0.3125,-12.3125,-1.39,-1.47,-0.22,0
1491,1.0625,-0.0625,-12.1875,-0.27,-0.42,-0.84,0
1492,1,0.0625,-12.125,1.34,-1.81,-0.69,0
1493,1.0625,-0.125,-12.1875,-1.14,-0.78,0.16,0
1494,1,-0.4375,-12.125,-0.18,-1.51,0.91,0
1495,0.9375,-0.5625,-12.25,-0.72,-3.74,1.31,0
1496,0.8125,-0.6875,-12.25,-0.85,-2.04,0.67,0
1497,0.75,-0.6875,-12.25,-0.13,-1.02,0.09,0
1498,0.6875,-0.6875,-12.3125,-0.31,-1.16,-0.01,0
1499,0.75,-0.4375,-12.4375,0.08,-2.18,-0.78,0
1500,0.875,-0.375,-12.4375,-0.1,-2.12,0.95,0
1501,1.0625,-0.1875,-12.3125,-1.44,-2.23,1.5,0
1502,1.0625,-0.5,-12.375,0.71,-0.93,-2.26,0
1503,0.8125,-0.625,-12.5625,-0.85,-1,0.47,0
1504,0.75,-0.375,-12.625,-1.02,-0.61,0.8,0
1505,0.875,-0.1875,-12.375,0.9,-1.12,-0.19,0
1506,0.8125,-0.5625,-12.5,-0.67,0.62,-0.37,0
1507,0.9375,-0.25,-12.6875,1.84,0.43,-2.26,0
1508,1,-0.625,-12.8125,-0.65,-0.88,-0.41,0
1509,1,-0.5625,-12.8125,0.63,-2.67,-0.84,0
1510,1,-0.5,-12.875,-0.59,-1.74,0.15,0
1511,0.875,-0.75,-12.875,-0.58,0.32,1.28,0
1512,0.75,-0.625,-13,-0.16,-0.88,0.3,0
1513,0.75,-0.625,-13.0625,-0.5,-1.44,0.45,0
1514,0.875,-0.5,-13.0625,0.54,0.77,0.02,0
1515,1,-0.4375,-12.9375,3.05,-0.03,-1.37,0
1516,0.9375,-0.6875,-12.8125,-1,-2.06,-1.14,0
1517,0.6875,-0.5625,-12.8125,-0.13,-0.74,-0.81,0
1518,0.8125,-0.5,-12.8125,-0.36,0.26,1.64,0
1519,0.875,-0.375,-12.75,5.46,-3.08,-3.23,0
1520,0.3125,-0.3125,-12.75,0.72,2.42,-1.09,0
1521,359,-0.25,-12.9375,3.59,3.98,-3.32,0
1522,358.0625,-0.1875,-13.125,3.04,4.16,-0.81,1
1523,355.25,-0.5625,-13.375,0.1,2.24,-0.38,1
1524,354.25,-0.8125,-13.375,1.2,1.45,-0.57,1
1525,352.3125,-1.0625,-13.1875,-1.12,0.92,1.39,1
1526,350.3125,-1,-13.25,2.81,-1,-2.91,1
1527,349.25,-0.8125,-13.3125,2.03,0.3,-2.78,1
1528,347.25,-0.75,-13.5,0.37,1.1,0.9,1
1529,345.375,-0.6875,-13.625,0.95,-0.67,-0.47,1
1530,344.4375,-0.625,-13.6875,0.72,-0.44,-1.04,1
1531,342.5,-0.8125,-13.8125,0.34,-0.01,-0.46,1
1532,340.6875,-0.8125,-13.75,0.94,-0.04,-0.73,1
1533,339.6875,-0.8125,-13.6875,0.53,-0.71,-0.56,1
1534,337.75,-1.0625,-13.75,-0.04,2.22,1.5,1
1535,335.75,-1.0625,-13.75,-1,-1.73,0.81,1
1536,333.75,-1,-13.8125,0.65,-1.35,0.28,1
1537,332.6875,-0.875,-13.9375,-0.49,3.14,2.13,1
1538,330.6875,-0.8125,-14.0625,-0.35,1.02,0.61,1
1539,328.875,-0.875,-14.125,1.36,-0.27,1.81,1
1540,327.875,-0.8125,-14.0625,0.85,-1.03,-0.73,1
1541,325.9375,-0.6875,-14.0625,0.45,-1.03,-1.13,1
1542,324,-0.9375,-14,0.75,-1.82,-0.57,1
1543,323.0625,-1,-14.0625,-0.76,-0.58,1.29,1
1544,321.0625,-1.25,-14.0625,0.93,-1.61,-1.33,1
1545,319.125,-1.375,-14.125,-0.13,0.93,1.92,1
1546,318.125,-1.375,-14.125,0.15,-1.26,-0.76,1
1547,316.1875,-1.375,-14.125,1.48,2.62,-2.31,1
1548,314.4375,-1.4375,-14.3125,0.44,0.1,-0.1,1
1549,313.625,-1.5625,-14.375,0.21,0.48,-0.67,1
1550,311.1875,-1.625,-14.5,-0.73,-0.03,-0.32,1
1551,310.375,-1.6875,-14.5,-0.11,3.73,2.05,1
1552,308.9375,-1.5,-14.5,0.4,0.1,-0.11,1
1553,307.4375,-1.25,-14.3125,0.78,-0.94,1.2,1
1554,306.625,-1.125,-14.25,1.97,-0.02,-2.89,1
1555,305,-1.25,-14.375,0.01,-0.54,-0.68,1
1556,303.5,-1.3125,-14.4375,-0.14,0.76,-0.41,1
1557,302,-1.625,-14.6875,1.81,-0.33,0.65,1
1558,301.25,-1.875,-14.75,-1.26,0.74,1.69,1
1559,299.8125,-1.8125,-14.875,-1.03,0.68,0.9,1
1560,298.3125,-1.6875,-15,0.81,0.67,-0.97,1
1561,296.9375,-1.6875,-15.0625,-0.38,0.86,1.7,1
1562,296.25,-1.625,-15.0625,1.03,-1.12,-0.4,1
1563,294.875,-1.6875,-15.125,-0.68,0.62,-0.66,1
1564,293.5625,-1.8125,-15.1875,-0.85,-0.52,0.25,1
1565,292.3125,-1.875,-15.25,-0.83,-1.92,-0.49,1
1566,291.6875,-1.875,-15.1875,-1.12,1.4,0.58,1
1567,290.5625,-1.875,-15.3125,-1.69,-4.21,4.18,1
1568,289.5,-1.625,-15,4.01,0.07,-2.23,1
1569,287.875,-1.375,-15,-1.39,-0.29,-1.21,1
1570,287.4375,-1.4375,-15,-0.36,-3.94,1.18,1
1571,286.4375,-1.5,-15.0625,0.07,2.53,-1.59,1
1572,285.5,-1.5625,-15.125,-0.35,-2.55,-1.58,1
1573,284.5625,-1.9375,-15.4375,-0.11,-2.26,-0.94,1
1574,284.125,-2.125,-15.5625,-0.1,-0.31,0.98,1
1575,283.3125,-2,-15.625,0.85,0.02,0.02,1
1576,282.5,-1.9375,-15.6875,-0.32,-0.67,0.32,1
1577,282.1875,-1.875,-15.6875,2.83,-1.72,-1.27,1
1578,281.5,-1.9375,-15.75,1.28,0.53,-0.3,1
1579,280.9375,-1.75,-15.6875,0.79,0,0.32,1
1580,280.3125,-1.8125,-15.75,1.86,-1.02,0.94,1
1581,279.8125,-1.75,-15.6875,1.98,3.02,-0.5,1
1582,279.5,-1.9375,-15.75,-0.61,-0.64,0.42,1
1583,279.3125,-1.875,-15.75,-0.21,1.19,-0.78,1
1584,278.9375,-2,-15.75,-0.21,1.09,-0.21,1
1585,278.625,-2.0625,-15.75,0.27,-1.82,0.85,1
1586,278.375,-2.0625,-15.75,-1.14,0.27,0.53,1
1587,278.25,-2.0625,-15.75,-1.19,-1.53,-0.66,1
1588,278.0625,-2.0625,-15.8125,-0.18,0.47,0.68,1
1589,277.875,-2.0625,-15.75,0.51,-2.36,-0.42,1
1590,277.6875,-2.0625,-15.8125,0.61,0.25,-0.87,1
1591,277.5,-2.125,-15.8125,0.71,-1.14,0.01,1
1592,277.375,-2.1875,-15.875,0.11,0.45,0.45,1
1593,277.3125,-2.125,-15.875,-0.4,-1.72,0.95,1
1594,277.125,-2.125,-15.875,-0.47,-1.05,1.19,1
1595,277,-2.0625,-15.875,0.11,0,0.53,1
1596,276.8125,-2,-15.875,-0.16,-0.76,0.9,1
1597,276.6875,-2,-15.9375,0.53,0.45,-0.22,1
1598,276.5625,-2,-15.875,-0.47,-1.85,-0.08,1
1599,276.4375,-2,-15.9375,0.52,-0.14,-1.19,1
1600,276.25,-1.9375,-15.9375,0.68,-0.5,-0.49,1
1601,276,-1.875,-16,0.31,-2.34,0.64,1
1602,275.75,-1.8125,-16,0.18,-3.26,-0.35,1
1603,275.4375,-1.75,-16,0,-0.97,0.58,1
1604,275.0625,-1.75,-16.0625,0.62,-1.52,-0.19,1
1605,274.875,-1.75,-16,-0.14,0.1,0.92,1
1606,274.5,-1.75,-16.0625,0.09,-1.47,0.21,1
1607,274.125,-1.8125,-16,0.8,-1.93,-0.14,1
1608,273.3125,-2,-16,-0.56,-0.47,-0.34,1
1609,272.8125,-1.8125,-16.1875,-0.47,-1.73,2.35,1
1610,272.75,-1.6875,-16.1875,0.25,-1.9,-1.89,0
1611,272.5,-1.375,-16.125,0.06,-1.18,-1.87,0
1612,272.375,-1.5,-16.125,0.69,0.28,0.88,0
1613,272.3125,-1.5625,-16.125,0.39,-1.06,-0.7,0
1614,272.1875,-1.875,-16.0625,-0.5,-1.81,-0.7,0
1615,272,-2,-16.0625,-0.54,-0.41,1.41,0
1616,271.9375,-2,-16.0625,-0.1,-0.99,0.54,0
1617,271.8125,-1.8125,-16.0625,0.04,-1.49,0,0
1618,271.6875,-1.625,-16.0625,0.99,-0.11,1.38,0
1619,271.5625,-1.4375,-16.125,0.43,-1.61,-1.49,0
1620,271.5,-1.3125,-16.0625,1.53,-0.3,-1.62,0
1621,271.25,-1.375,-16.0625,3.78,0.5,0.7,0
1622,270.6875,-1.625,-16,-0.46,1.66,3.34,0
1623,270.25,-1.625,-16.0625,-0.04,-1.27,1.65,0
1624,269.1875,-1.5625,-16.0625,1.54,0.97,-0.97,0
1625,267.375,-1.3125,-16.375,0.58,1.41,-0.38,1
1626,266.75,-1.25,-16.4375,-0.48,3.74,0.07,1
1627,265.5,-1.25,-16.4375,-0.47,0.58,0.12,1
1628,264.25,-1.5,-16.4375,0.36,-1.29,-1.57,1
1629,263.0625,-1.625,-16.375,0.41,-1.53,0.11,1
1630,262.5625,-1.6875,-16.3125,-0.54,-2.54,-0.68,1
1631,261.375,-1.6875,-16.375,-0.35,0.65,0.79,1
1632,260.25,-1.625,-16.4375,0.99,-0.72,0.09,1
1633,259.0625,-1.5,-16.4375,0.5,0.53,0.74,1
1634,257.8125,-1.375,-16.5,0.85,0.42,0.48,1
1635,257.1875,-1.25,-16.5625,-0.87,-1.1,-1.07,1
1636,255.9375,-1.1875,-16.6875,1.29,-0.66,1.88,1
1637,254.75,-1.0625,-16.8125,0.24,1.13,1.57,1
1638,253.5,-1,-16.875,0.6,1.4,1.47,1
1639,252.125,-0.9375,-16.9375,0.54,-0.02,0.51,1
1640,250.6875,-0.8125,-16.9375,0.44,-1.06,-0.41,1
1641,249.25,-0.8125,-16.9375,0,-2.76,-0.62,1
1642,248.5625,-0.9375,-16.9375,-0.35,0.11,-0.27,1
1643,247.125,-1.0625,-17,0.26,0,1.39,1
1644,245.6875,-1.125,-17,0.66,-2.76,-0.3,1
1645,244.1875,-1,-17,-0.7,-1.72,-0.91,1
1646,243.4375,-0.9375,-17.0625,0.94,0.46,-1.48,1
1647,241.875,-0.625,-17.1875,-1.38,-4.07,-2.58,1
1648,240.3125,-0.5,-17.25,-0.41,0.31,2.03,1
1649,238.875,-0.5625,-17.4375,-0.53,-1.74,-0.88,1
1650,237.3125,-0.5,-17.4375,2.08,-3.39,-0.11,1
1651,235.8125,-0.375,-17.5,-1.83,-1.26,0.7,1
1652,234.25,-0.1875,-17.4375,2.41,1.32,-0.26,1
1653,233.5,-0.0625,-17.375,0.55,-0.04,-1.41,1
1654,231.8125,-0.1875,-17.4375,-0.2,-0.62,1.06,1
1655,231,-0.3125,-17.4375,-1.05,0.89,0.85,1
1656,229.25,-0.4375,-17.5625,-0.04,0.28,0.35,1
1657,227.5625,-0.4375,-17.625,-0.56,0.25,-0.35,1
1658,225.1875,-0.375,-17.6875,-0.41,-0.21,-1.2,1
1659,223.8125,-0.375,-17.75,2.73,-1.74,0.34,1
1660,222.375,-0.375,-17.8125,2.7,1.22,-0.9,1
1661,221.75,-0.25,-17.8125,-1.33,-0.21,2.26,1
1662,220.375,-0.3125,-17.8125,0.08,-1.69,-0.52,1
1663,219.0625,-0.0625,-17.8125,0.12,-0.29,1.08,1
1664,217.8125,0.0625,-17.8125,0.81,-0.95,-0.71,1
1665,216.5625,0.25,-17.6875,-0.5,0.28,-0.29,1
1666,215.1875,0.375,-17.625,0.8,0.68,0.27,1
1667,213.9375,0.375,-17.625,0.17,0.08,0.63,1
1668,213.25,0.375,-17.625,0.62,-0.69,0.23,1
1669,212,0.25,-17.75,-0.68,-0.5,-0.21,1
1670,211.3125,0.125,-17.8125,0.29,-0.83,1.53,1
1671,210.0625,0,-17.875,-0.61,0.04,-1.12,1
1672,208.75,0.0625,-17.9375,0.02,-0.74,0.85,1
1673,207.4375,0.1875,-18,-1.16,0.11,-0.06,1
1674,206.3125,0.3125,-18,-0.49,-0.78,-1.77,1
1675,205.25,0.375,-18,-0.18,0.35,1.35,1
1676,204.1875,0.375,-18,1.65,0.18,-0.7,1
1677,203.0625,0.5,-17.9375,-1.2,-1.05,0.23,1
1678,202.5,0.4375,-17.9375,0.69,-0.67,-0.89,1
1679,201.5,0.5,-17.9375,-0.26,-2.21,-0.53,1
1680,200.5,0.5,-17.875,-0.16,1.81,1.96,1
1681,199.9375,0.5625,-17.875,0.6,-2.44,-0.48,1
1682,198.8125,0.6875,-17.8125,0.72,1.1,-0.19,1
1683,197.5625,0.9375,-17.625,0.51,1.32,-0.5,1
1684,197,1,-17.625,-1.06,0.94,1.3,1
1685,195.9375,0.875,-17.6875,-0.22,-0.24,0.37,1
1686,194.8125,0.8125,-17.75,0.87,-3.63,0.14,1
1687,194.25,0.75,-17.8125,0.16,-0.31,1.44,1
1688,193.125,0.5625,-18,-0.51,-1.77,-0.17,1
1689,192.125,0.625,-18.0625,-0.39,0.78,1.18,1
1690,191.625,0.75,-18.0625,-0.18,-1.24,1.3,1
1691,190.75,0.9375,-18,0.26,-1.72,0.52,1
1692,189.875,1.125,-17.9375,-0.1,-0.35,-0.18,1
1693,189.5,1.1875,-17.9375,0.74,-1.39,-0.07,1
1694,188.75,1.1875,-17.9375,1.32,-3.23,-1.86,1
1695,188.125,1.0625,-17.9375,-0.28,0.98,0.97,1
1696,187.6875,0.9375,-18.0625,0.67,-0.89,-0.61,1
1697,187,0.9375,-18.0625,-1.55,-0.28,1.56,1
1698,186.25,0.875,-18.125,-0.64,-1.04,-0.13,1
1699,185.9375,1,-18.125,-0.8,-1.59,0.73,1
1700,185.3125,1.125,-18.1875,-0.14,-1.19,-0.33,1
1701,184.625,1.4375,-18.25,-1.16,-1.04,-0.48,1
1702,184.1875,1.5,-18.25,-2.16,0.69,-1.12,1
1703,183.625,1.5625,-18.3125,0.44,-1.35,0.77,1
1704,183.1875,1.4375,-18.3125,-0.75,-1.33,-0.18,1
1705,182.875,1.3125,-18.25,-0.92,-2.08,-0.25,1
1706,182.25,1.5,-18.25,-0.13,-1.09,0.41,1
1707,181.8125,2,-18.3125,0.08,-0.79,3.03,1
1708,181.125,1.625,-18.0625,-0.08,-2.16,1.63,0
1709,180.75,2.0625,-18.1875,-0.59,-1.08,-0.87,0
1710,180.75,2.25,-18.0625,0.11,-2.62,-1.24,0
1711,180.875,2.375,-18,-0.29,1.22,-1.15,0
1712,180.8125,2.1875,-18.125,-0.77,-0.87,1.01,0
1713,180.625,2.0625,-18.1875,-1.24,-1.8,1.92,0
1714,180.4375,2.125,-18.25,-0.82,1.27,1,0
1715,180.5,2.1875,-18.25,-0.11,-0.61,0.38,0
1716,180.75,2.5625,-18.0625,0.74,-3.21,-0.68,0
1717,180.8125,2.375,-18,-1.86,-3,2.62,0
1718,180.75,2.1875,-18,-0.81,-3.02,-0.09,0
1719,180.625,2.1875,-18.0625,-1,-2.27,-0.52,0
1720,180.6875,2.125,-18.1875,0.01,0.18,0.38,0
1721,180.8125,2.3125,-18.1875,0.88,-1.09,-1.18,0
1722,180.75,2.25,-18.125,0,-1.89,0.22,0
1723,180.6875,2.125,-18.1875,-0.7,-1.61,-0.36,0
1724,180.625,2.1875,-18.25,0.23,-1.95,0.24,0
1725,180.75,2.25,-18.25,-0.92,-1.06,0.86,0
1726,180.75,2.1875,-18.125,1.65,-1.16,-0.84,0
1727,180.75,2.0625,-18,-2.07,-0.84,4.04,0
1728,180.625,2,-17.875,-0.29,-3.6,-4.29,0
1729,180.5625,2.25,-17.9375,-0.18,-0.01,1.95,0
1730,180.75,2.125,-18,1.14,-0.9,0.31,0
1731,180.9375,2.125,-17.75,-2.59,0.15,3.58,0
1732,180.875,1.8125,-17.625,-0.58,0.05,0.15,0
1733,180.6875,2.125,-17.75,-1.39,-0.85,-0.55,0
1734,180.75,2.1875,-17.8125,1.03,-0.56,0.4,0
1735,181,2.125,-17.625,-1.73,-1.83,2.61,0
1736,180.9375,1.8125,-17.5625,-1.14,-2.38,-1.14,0
1737,180.75,1.9375,-17.75,-0.49,-0.93,1.11,0
1738,180.9375,1.9375,-17.875,-0.3,-1.99,-0.41,0
1739,181.0625,1.875,-17.5625,0.08,-1.22,0.25,0
1740,181,1.8125,-17.5,-1.54,-2.18,1.07,0
1741,180.875,1.875,-17.5,-0.58,-0.34,1.25,0
1742,181,2.0625,-17.375,1.73,-1.54,-4.4,0
1743,180.9375,2.1875,-17.3125,0.6,1.87,1.06,0
1744,180.75,1.6875,-17.4375,2.71,2.12,-1.41,0
1745,179.5,1.9375,-17.75,1.29,3.91,-0.27,0
1746,177.5625,2.375,-18,-0.17,3.39,0.32,1
1747,175.0625,2,-17.9375,-0.47,1.72,2.6,1
1748,173.9375,2,-17.8125,-3.28,-0.72,0.18,1
1749,171.1875,1.8125,-17.75,1.79,1.11,-1.8,1
1750,167.125,2.375,-18.125,0.88,0.56,-1.09,1
1751,165.75,2.5,-18.1875,1.54,1.07,0.55,1
1752,162.125,2.6875,-17.8125,1.79,1.97,0.18,1
1753,160.9375,2.8125,-17.625,0.52,2.17,1.53,1
1754,158.5,2.8125,-17.5625,-2.62,0.95,4.78,1
1755,156,2.8125,-17.5625,0.62,-1.42,-2.84,1
1756,154.8125,3,-17.625,-2.96,-0.86,1.67,1
1757,152.5625,3.0625,-17.6875,2.11,2.81,1.33,1
